"{'op': 'sgd', 'lo': 'sparse_categorical_crossentropy', 'nod': 1, 'nn': 256, 'dim': (299, 299)}","[0.25, 0.26340997219085693, 0.26340997219085693, 0.2586206793785095, 0.26340997219085693, 0.26340997219085693, 0.24521072208881378, 0.26340997219085693, 0.2586206793785095, 0.26340997219085693, 0.2586206793785095, 0.25, 0.26340997219085693, 0.26340997219085693, 0.26340997219085693]","[0.06194690242409706, 0.06194690242409706, 0.06194690242409706, 0.06194690242409706, 0.06194690242409706, 0.06194690242409706, 0.06194690242409706, 0.06194690242409706, 0.06194690242409706, 0.06194690242409706, 0.06194690242409706, 0.06194690242409706, 0.06194690242409706, 0.06194690242409706, 0.06194690242409706]","[24884.291015625, 1.3677523136138916, 1.3677005767822266, 1.3677066564559937, 1.3677059412002563, 1.3676788806915283, 1.3677129745483398, 1.367690920829773, 1.36770761013031, 1.3676559925079346, 1.3676913976669312, 1.3676731586456299, 1.3676724433898926, 1.3676925897598267, 1.3676623106002808]","[1.3843196630477905, 1.3809034824371338, 1.378648281097412, 1.3776639699935913, 1.376883864402771, 1.3763831853866577, 1.3760653734207153, 1.3754180669784546, 1.3748286962509155, 1.3744666576385498, 1.3742461204528809, 1.3739057779312134, 1.373667597770691, 1.3736515045166016, 1.3733720779418945]",0.04929577559232712,1.3866078853607178
"{'op': 'sgd', 'lo': 'sparse_categorical_crossentropy', 'nod': 1, 'nn': 256, 'dim': (299, 299)}","[0.2586206793785095, 0.23659004271030426, 0.25191572308540344, 0.2538314163684845, 0.2260536402463913, 0.24712643027305603, 0.2538314163684845, 0.2461685836315155, 0.2538314163684845, 0.24808429181575775, 0.2538314163684845, 0.24904213845729828, 0.2538314163684845, 0.25, 0.22892720997333527]","[0.5840708017349243, 0.5840708017349243, 0.5840708017349243, 0.5840708017349243, 0.5840708017349243, 0.5840708017349243, 0.5840708017349243, 0.5840708017349243, 0.5840708017349243, 0.5840708017349243, 0.5840708017349243, 0.5840708017349243, 0.5840708017349243, 0.5840708017349243, 0.5840708017349243]","[12465.8857421875, 1.38114333152771, 1.3810969591140747, 1.381125569343567, 1.3811349868774414, 1.3811261653900146, 1.3811014890670776, 1.3810912370681763, 1.3810786008834839, 1.3811075687408447, 1.3810666799545288, 1.3810487985610962, 1.3810499906539917, 1.3810830116271973, 1.3810540437698364]","[1.3817613124847412, 1.382131814956665, 1.3826011419296265, 1.3828134536743164, 1.3828678131103516, 1.3832576274871826, 1.3835681676864624, 1.3837655782699585, 1.3838262557983398, 1.3839707374572754, 1.3842418193817139, 1.3843262195587158, 1.3843927383422852, 1.3844808340072632, 1.3846261501312256]",0.591549277305603,1.3808757066726685
"{'op': 'sgd', 'lo': 'sparse_categorical_crossentropy', 'nod': 1, 'nn': 256, 'dim': (299, 299)}","[0.23473282158374786, 0.25, 0.25, 0.25, 0.25, 0.24045801162719727, 0.24045801162719727, 0.25, 0.2385496199131012, 0.23187023401260376, 0.23950381577014923, 0.2328244298696518, 0.23950381577014923, 0.23473282158374786, 0.23664122819900513]","[0.5752212405204773, 0.5752212405204773, 0.5752212405204773, 0.5752212405204773, 0.5752212405204773, 0.5752212405204773, 0.5752212405204773, 0.5752212405204773, 0.5752212405204773, 0.5752212405204773, 0.5752212405204773, 0.5752212405204773, 0.5752212405204773, 0.5752212405204773, 0.5752212405204773]","[3519.339111328125, 1.3864611387252808, 1.3864656686782837, 1.3864470720291138, 1.3864532709121704, 1.3864630460739136, 1.386421799659729, 1.3864340782165527, 1.3864731788635254, 1.3864352703094482, 1.3864299058914185, 1.3864599466323853, 1.3864396810531616, 1.3864296674728394, 1.3864158391952515]","[1.379021167755127, 1.3795734643936157, 1.3800932168960571, 1.3805347681045532, 1.3810843229293823, 1.3813016414642334, 1.381629228591919, 1.3819838762283325, 1.3825099468231201, 1.382816195487976, 1.3831862211227417, 1.383482575416565, 1.3838722705841064, 1.3841596841812134, 1.3843636512756348]",0.5845070481300354,1.3789608478546143
"{'op': 'sgd', 'lo': 'sparse_categorical_crossentropy', 'nod': 1, 'nn': 256, 'dim': (299, 299)}","[0.2414122074842453, 0.25095421075820923, 0.25381678342819214, 0.2299618273973465, 0.24904580414295197, 0.2385496199131012, 0.2385496199131012, 0.23091602325439453, 0.24045801162719727, 0.2385496199131012, 0.23759542405605316, 0.2270992398262024, 0.23473282158374786, 0.24332061409950256, 0.24618320167064667]","[0.5752212405204773, 0.5752212405204773, 0.5752212405204773, 0.5752212405204773, 0.5752212405204773, 0.5752212405204773, 0.5752212405204773, 0.5752212405204773, 0.5752212405204773, 0.5752212405204773, 0.5752212405204773, 0.5752212405204773, 0.5752212405204773, 0.16814158856868744, 0.5752212405204773]","[6057.38916015625, 1.3707469701766968, 1.383392572402954, 1.3864643573760986, 1.3864789009094238, 1.3864482641220093, 1.386472463607788, 1.3864461183547974, 1.3864538669586182, 1.3864132165908813, 1.3864099979400635, 1.386399745941162, 1.386413812637329, 1.3864192962646484, 1.3864085674285889]","[1.3835340738296509, 1.3831706047058105, 1.3832939863204956, 1.3835448026657104, 1.3836700916290283, 1.3838752508163452, 1.3840148448944092, 1.3841848373413086, 1.3844826221466064, 1.3845365047454834, 1.3845422267913818, 1.38484525680542, 1.3850980997085571, 1.385300636291504, 1.3852583169937134]",0.5845070481300354,1.3835171461105347
"{'op': 'sgd', 'lo': 'sparse_categorical_crossentropy', 'nod': 1, 'nn': 256, 'dim': (299, 299)}","[0.26622137427330017, 0.25, 0.25, 0.25, 0.24618320167064667, 0.25, 0.25, 0.25, 0.24522900581359863, 0.2442748099565506, 0.2442748099565506, 0.25, 0.25, 0.2328244298696518, 0.2242366373538971]","[0.5752212405204773, 0.5752212405204773, 0.5752212405204773, 0.5752212405204773, 0.5752212405204773, 0.5752212405204773, 0.5752212405204773, 0.5752212405204773, 0.5752212405204773, 0.5752212405204773, 0.5752212405204773, 0.5752212405204773, 0.5752212405204773, 0.5752212405204773, 0.5752212405204773]","[8265.458984375, 1.3864424228668213, 1.3864104747772217, 1.386398434638977, 1.3864203691482544, 1.3864110708236694, 1.3864184617996216, 1.3863952159881592, 1.3863906860351562, 1.3863756656646729, 1.3864068984985352, 1.3864080905914307, 1.3863831758499146, 1.386382818222046, 1.38641357421875]","[1.3820148706436157, 1.3824989795684814, 1.3828197717666626, 1.38310968875885, 1.3832206726074219, 1.3834480047225952, 1.3835041522979736, 1.3836442232131958, 1.3839499950408936, 1.3839056491851807, 1.3841266632080078, 1.3843201398849487, 1.3844757080078125, 1.3846163749694824, 1.3846641778945923]",0.5845070481300354,1.3850347995758057
"{'op': 'sgd', 'lo': 'sparse_categorical_crossentropy', 'nod': 1, 'nn': 512, 'dim': (299, 299)}","[0.25954198837280273, 0.25, 0.25, 0.25, 0.25, 0.25, 0.25, 0.25, 0.25, 0.25, 0.25, 0.25, 0.25, 0.24904580414295197, 0.25]","[0.5663716793060303, 0.5663716793060303, 0.5663716793060303, 0.5663716793060303, 0.5663716793060303, 0.5663716793060303, 0.5663716793060303, 0.5663716793060303, 0.5663716793060303, 0.5663716793060303, 0.5663716793060303, 0.5663716793060303, 0.5663716793060303, 0.5663716793060303, 0.5663716793060303]","[1943.1065673828125, 1.3864295482635498, 1.3864177465438843, 1.3864312171936035, 1.3864396810531616, 1.3864120244979858, 1.3864364624023438, 1.3864200115203857, 1.3863784074783325, 1.3864234685897827, 1.3864225149154663, 1.3864431381225586, 1.386410117149353, 1.3864070177078247, 1.3864079713821411]","[1.3796392679214478, 1.380412220954895, 1.3809765577316284, 1.381367802619934, 1.3817239999771118, 1.3821830749511719, 1.382508635520935, 1.3828463554382324, 1.383041501045227, 1.383297324180603, 1.3835391998291016, 1.3834608793258667, 1.3838672637939453, 1.3839943408966064, 1.3841155767440796]",0.577464759349823,1.3802189826965332
"{'op': 'sgd', 'lo': 'sparse_categorical_crossentropy', 'nod': 1, 'nn': 512, 'dim': (299, 299)}","[0.24425287544727325, 0.2461685836315155, 0.25, 0.25, 0.25, 0.24329501390457153, 0.23946359753608704, 0.25, 0.2298850566148758, 0.25, 0.22892720997333527, 0.23180076479911804, 0.21551723778247833, 0.24521072208881378, 0.2375478893518448]","[0.5752212405204773, 0.5752212405204773, 0.5752212405204773, 0.5752212405204773, 0.5752212405204773, 0.5752212405204773, 0.5752212405204773, 0.5752212405204773, 0.5752212405204773, 0.5752212405204773, 0.5752212405204773, 0.5752212405204773, 0.5752212405204773, 0.5752212405204773, 0.5752212405204773]","[11964.9609375, 1.3864257335662842, 1.3864156007766724, 1.3864423036575317, 1.386409044265747, 1.3863986730575562, 1.3864262104034424, 1.386415958404541, 1.3864127397537231, 1.3864104747772217, 1.3864048719406128, 1.3864353895187378, 1.3864414691925049, 1.3864247798919678, 1.3864431381225586]","[1.3848023414611816, 1.3849221467971802, 1.3851845264434814, 1.3855335712432861, 1.3857775926589966, 1.3859699964523315, 1.3857795000076294, 1.3860726356506348, 1.3860728740692139, 1.3865861892700195, 1.3865468502044678, 1.3865216970443726, 1.3866292238235474, 1.3867673873901367, 1.3868147134780884]",0.5845070481300354,1.3840538263320923
"{'op': 'sgd', 'lo': 'sparse_categorical_crossentropy', 'nod': 1, 'nn': 512, 'dim': (299, 299)}","[0.2586206793785095, 0.25, 0.25, 0.25, 0.25, 0.25, 0.25, 0.25, 0.25, 0.24425287544727325, 0.25, 0.25, 0.25, 0.24521072208881378, 0.24521072208881378]","[0.1592920422554016, 0.1592920422554016, 0.1592920422554016, 0.1592920422554016, 0.1592920422554016, 0.1592920422554016, 0.1592920422554016, 0.1592920422554016, 0.1592920422554016, 0.1592920422554016, 0.1592920422554016, 0.1592920422554016, 0.1592920422554016, 0.1592920422554016, 0.1592920422554016]","[1944.33740234375, 2.598194122314453, 1.3864394426345825, 1.386420488357544, 1.386408805847168, 1.3864164352416992, 1.3864496946334839, 1.3864272832870483, 1.3864198923110962, 1.3864188194274902, 1.3864190578460693, 1.3864175081253052, 1.386407732963562, 1.3864102363586426, 1.3864003419876099]","[1.386149287223816, 1.3859943151474, 1.3857866525650024, 1.3857004642486572, 1.3859010934829712, 1.3854631185531616, 1.3853141069412231, 1.38557767868042, 1.3857645988464355, 1.386025309562683, 1.3855929374694824, 1.3858754634857178, 1.3857368230819702, 1.3855658769607544, 1.3858002424240112]",0.1619718372821808,1.3868606090545654
"{'op': 'sgd', 'lo': 'sparse_categorical_crossentropy', 'nod': 1, 'nn': 512, 'dim': (299, 299)}","[0.24522900581359863, 0.23950381577014923, 0.25, 0.2414122074842453, 0.2442748099565506, 0.2414122074842453, 0.25, 0.25, 0.23377862572669983, 0.23473282158374786, 0.22614504396915436, 0.23091602325439453, 0.2242366373538971, 0.23664122819900513, 0.23664122819900513]","[0.044247787445783615, 0.044247787445783615, 0.044247787445783615, 0.044247787445783615, 0.044247787445783615, 0.044247787445783615, 0.044247787445783615, 0.044247787445783615, 0.044247787445783615, 0.1592920422554016, 0.1592920422554016, 0.1592920422554016, 0.1592920422554016, 0.1592920422554016, 0.1592920422554016]","[5491.04736328125, 1.3972011804580688, 1.3864392042160034, 1.3864214420318604, 1.3864184617996216, 1.3863928318023682, 1.3864333629608154, 1.3864099979400635, 1.3864284753799438, 1.386403203010559, 1.3864002227783203, 1.3864303827285767, 1.3864516019821167, 1.386383056640625, 1.3864116668701172]","[1.3890043497085571, 1.3900952339172363, 1.3899474143981934, 1.3898152112960815, 1.3896868228912354, 1.3897671699523926, 1.3896369934082031, 1.3896516561508179, 1.3894952535629272, 1.3895061016082764, 1.3895927667617798, 1.3895049095153809, 1.389522910118103, 1.38933265209198, 1.3892408609390259]",0.1619718372821808,1.3873963356018066
"{'op': 'sgd', 'lo': 'sparse_categorical_crossentropy', 'nod': 1, 'nn': 512, 'dim': (299, 299)}","[0.27194657921791077, 0.2614503800868988, 0.25, 0.25, 0.25, 0.25, 0.25, 0.25, 0.25, 0.25, 0.25, 0.25, 0.25, 0.25, 0.25]","[0.20353981852531433, 0.5752212405204773, 0.5752212405204773, 0.5752212405204773, 0.5752212405204773, 0.5752212405204773, 0.5752212405204773, 0.5752212405204773, 0.5752212405204773, 0.5752212405204773, 0.5752212405204773, 0.5752212405204773, 0.5752212405204773, 0.5752212405204773, 0.5752212405204773]","[4461.51025390625, 1.7807658910751343, 1.3865493535995483, 1.3865251541137695, 1.3864848613739014, 1.3864834308624268, 1.3864787817001343, 1.3864519596099854, 1.3864495754241943, 1.3864517211914062, 1.3864564895629883, 1.3864448070526123, 1.3864294290542603, 1.3864160776138306, 1.3864392042160034]","[11.921929359436035, 1.37765371799469, 1.3783103227615356, 1.3788458108901978, 1.379665732383728, 1.3803521394729614, 1.3810138702392578, 1.3814655542373657, 1.3820854425430298, 1.382474660873413, 1.3828574419021606, 1.3828895092010498, 1.383049726486206, 1.3832820653915405, 1.383638858795166]",0.5845070481300354,1.3767650127410889
"{'op': 'sgd', 'lo': 'sparse_categorical_crossentropy', 'nod': 2, 'nn': 256, 'dim': (299, 299)}","[0.2509578466415405, 0.25, 0.25, 0.25, 0.25, 0.25, 0.25, 0.25, 0.25, 0.25, 0.242337167263031, 0.25, 0.25, 0.25, 0.25]","[0.5840708017349243, 0.5840708017349243, 0.5840708017349243, 0.5840708017349243, 0.5840708017349243, 0.5840708017349243, 0.5840708017349243, 0.5840708017349243, 0.5840708017349243, 0.5840708017349243, 0.5840708017349243, 0.5840708017349243, 0.5840708017349243, 0.5840708017349243, 0.5840708017349243]","[4214.619140625, 1.3864948749542236, 1.386489987373352, 1.386460542678833, 1.3864693641662598, 1.386449933052063, 1.3864227533340454, 1.386441707611084, 1.3864399194717407, 1.3864179849624634, 1.3864229917526245, 1.3864357471466064, 1.3864099979400635, 1.386421799659729, 1.3864129781723022]","[1.3793513774871826, 1.3796719312667847, 1.3802015781402588, 1.3806040287017822, 1.381009578704834, 1.3816109895706177, 1.3819165229797363, 1.382231593132019, 1.3824859857559204, 1.382931113243103, 1.3831329345703125, 1.3828816413879395, 1.383217215538025, 1.3835670948028564, 1.3838733434677124]",0.5845070481300354,1.3792872428894043
"{'op': 'sgd', 'lo': 'sparse_categorical_crossentropy', 'nod': 2, 'nn': 256, 'dim': (299, 299)}","[0.272988498210907, 0.25, 0.25, 0.25, 0.25, 0.25, 0.25, 0.24137930572032928, 0.25, 0.242337167263031, 0.25, 0.24521072208881378, 0.25, 0.24521072208881378, 0.25]","[0.07079645991325378, 0.07079645991325378, 0.07079645991325378, 0.07079645991325378, 0.07079645991325378, 0.07079645991325378, 0.07079645991325378, 0.07079645991325378, 0.07079645991325378, 0.07079645991325378, 0.07079645991325378, 0.07079645991325378, 0.07079645991325378, 0.07079645991325378, 0.07079645991325378]","[2742.57177734375, 1.386399745941162, 1.38642156124115, 1.3864319324493408, 1.3864364624023438, 1.3864209651947021, 1.3864293098449707, 1.386413812637329, 1.3864363431930542, 1.3864151239395142, 1.3864227533340454, 1.3863972425460815, 1.3864130973815918, 1.3863989114761353, 1.3864126205444336]","[1.3833093643188477, 1.3832709789276123, 1.3832824230194092, 1.3832569122314453, 1.383263349533081, 1.3833307027816772, 1.383599042892456, 1.3835299015045166, 1.3833813667297363, 1.3833001852035522, 1.383451223373413, 1.3834960460662842, 1.3834025859832764, 1.383150339126587, 1.3831018209457397]",0.06338027864694595,1.383931279182434
"{'op': 'sgd', 'lo': 'sparse_categorical_crossentropy', 'nod': 2, 'nn': 256, 'dim': (299, 299)}","[0.2614503800868988, 0.25, 0.2356870174407959, 0.25, 0.25, 0.23187023401260376, 0.2385496199131012, 0.23473282158374786, 0.22614504396915436, 0.23664122819900513, 0.24522900581359863, 0.23091602325439453, 0.23950381577014923, 0.2385496199131012, 0.23950381577014923]","[0.5840708017349243, 0.5840708017349243, 0.5840708017349243, 0.5840708017349243, 0.5840708017349243, 0.5840708017349243, 0.5840708017349243, 0.5840708017349243, 0.5840708017349243, 0.5840708017349243, 0.5840708017349243, 0.5840708017349243, 0.5840708017349243, 0.5840708017349243, 0.5840708017349243]","[7845.0595703125, 1.3864455223083496, 1.3864195346832275, 1.3864067792892456, 1.3863952159881592, 1.3864221572875977, 1.386395812034607, 1.3864073753356934, 1.3864071369171143, 1.3863916397094727, 1.386411428451538, 1.386436104774475, 1.3864084482192993, 1.3864023685455322, 1.3864227533340454]","[1.3819831609725952, 1.3824337720870972, 1.3828548192977905, 1.3832632303237915, 1.3835210800170898, 1.3836815357208252, 1.3837698698043823, 1.384000301361084, 1.384125828742981, 1.3841431140899658, 1.3840892314910889, 1.3841471672058105, 1.3843222856521606, 1.3844677209854126, 1.3845030069351196]",0.5845070481300354,1.3826252222061157
"{'op': 'sgd', 'lo': 'sparse_categorical_crossentropy', 'nod': 2, 'nn': 256, 'dim': (299, 299)}","[0.2557252049446106, 0.25, 0.25, 0.25, 0.25, 0.25, 0.25, 0.25, 0.25, 0.25, 0.25, 0.25, 0.24332061409950256, 0.2385496199131012, 0.24522900581359863]","[0.5840708017349243, 0.5840708017349243, 0.5840708017349243, 0.5840708017349243, 0.5840708017349243, 0.5840708017349243, 0.5840708017349243, 0.5840708017349243, 0.5840708017349243, 0.5840708017349243, 0.5840708017349243, 0.5840708017349243, 0.5840708017349243, 0.5840708017349243, 0.5840708017349243]","[13302.431640625, 1.3864799737930298, 1.3864495754241943, 1.3864365816116333, 1.386422038078308, 1.3864210844039917, 1.3864521980285645, 1.3864116668701172, 1.3864121437072754, 1.3864392042160034, 1.38639235496521, 1.3864060640335083, 1.3864163160324097, 1.386414647102356, 1.3864059448242188]","[1.3753292560577393, 1.3759204149246216, 1.3765411376953125, 1.3771395683288574, 1.3776949644088745, 1.3780714273452759, 1.3783173561096191, 1.3786683082580566, 1.3790236711502075, 1.3793123960494995, 1.3796677589416504, 1.380043864250183, 1.3802720308303833, 1.3806241750717163, 1.3806788921356201]",0.591549277305603,1.3738304376602173
"{'op': 'sgd', 'lo': 'sparse_categorical_crossentropy', 'nod': 2, 'nn': 256, 'dim': (299, 299)}","[0.24904580414295197, 0.25, 0.25, 0.25, 0.25, 0.25, 0.25, 0.23759542405605316, 0.2442748099565506, 0.22328244149684906, 0.23473282158374786, 0.25, 0.2442748099565506, 0.23950381577014923, 0.23377862572669983]","[0.5752212405204773, 0.5752212405204773, 0.5752212405204773, 0.5752212405204773, 0.5752212405204773, 0.5752212405204773, 0.5752212405204773, 0.5752212405204773, 0.5752212405204773, 0.5752212405204773, 0.5752212405204773, 0.5752212405204773, 0.5752212405204773, 0.5752212405204773, 0.5752212405204773]","[7454.1923828125, 1.3864282369613647, 1.386431097984314, 1.386413812637329, 1.3864400386810303, 1.3864296674728394, 1.3864176273345947, 1.3864400386810303, 1.386452078819275, 1.3864107131958008, 1.3864179849624634, 1.386422872543335, 1.3863815069198608, 1.3864035606384277, 1.386398196220398]","[1.382994532585144, 1.3831214904785156, 1.383204460144043, 1.3835848569869995, 1.3836727142333984, 1.3840216398239136, 1.3842847347259521, 1.3844938278198242, 1.3847581148147583, 1.384791374206543, 1.3846473693847656, 1.3850393295288086, 1.3853505849838257, 1.385591745376587, 1.3857135772705078]",0.577464759349823,1.3877061605453491
"{'op': 'sgd', 'lo': 'sparse_categorical_crossentropy', 'nod': 2, 'nn': 512, 'dim': (299, 299)}","[0.24904213845729828, 0.25, 0.25, 0.25, 0.25, 0.25, 0.25, 0.25, 0.25, 0.25, 0.25, 0.25, 0.25, 0.25, 0.25]","[0.6106194853782654, 0.6106194853782654, 0.6106194853782654, 0.6106194853782654, 0.6106194853782654, 0.6106194853782654, 0.6106194853782654, 0.6106194853782654, 0.6106194853782654, 0.6106194853782654, 0.6106194853782654, 0.6106194853782654, 0.6106194853782654, 0.6106194853782654, 0.6106194853782654]","[6176.2919921875, 1.3864842653274536, 1.386500597000122, 1.386444330215454, 1.3864716291427612, 1.3864600658416748, 1.386431097984314, 1.3864681720733643, 1.3864288330078125, 1.386429786682129, 1.3864408731460571, 1.3863999843597412, 1.3864049911499023, 1.386423110961914, 1.3864654302597046]","[1.3705549240112305, 1.371464729309082, 1.3724032640457153, 1.3731213808059692, 1.3735668659210205, 1.374068021774292, 1.3747590780258179, 1.3757047653198242, 1.37588369846344, 1.3765265941619873, 1.3768750429153442, 1.3774558305740356, 1.377951979637146, 1.3780537843704224, 1.378358244895935]",0.577464759349823,1.3755377531051636
"{'op': 'sgd', 'lo': 'sparse_categorical_crossentropy', 'nod': 2, 'nn': 512, 'dim': (299, 299)}","[0.2375478893518448, 0.25, 0.25, 0.25, 0.25, 0.25, 0.25, 0.25, 0.25, 0.25, 0.25, 0.23946359753608704, 0.25, 0.25, 0.23659004271030426]","[0.044247787445783615, 0.044247787445783615, 0.044247787445783615, 0.044247787445783615, 0.044247787445783615, 0.044247787445783615, 0.044247787445783615, 0.044247787445783615, 0.044247787445783615, 0.044247787445783615, 0.044247787445783615, 0.044247787445783615, 0.044247787445783615, 0.044247787445783615, 0.044247787445783615]","[337975.125, 1.386491060256958, 1.386488676071167, 1.3864636421203613, 1.386474847793579, 1.3864713907241821, 1.3864439725875854, 1.3864413499832153, 1.3864459991455078, 1.3864080905914307, 1.3864448070526123, 1.3864281177520752, 1.3864343166351318, 1.3863987922668457, 1.3864227533340454]","[1.3864740133285522, 1.3865772485733032, 1.3861442804336548, 1.386401653289795, 1.3864250183105469, 1.3861976861953735, 1.3859269618988037, 1.385801911354065, 1.3852919340133667, 1.3851794004440308, 1.3850055932998657, 1.3854138851165771, 1.3853302001953125, 1.3849133253097534, 1.3849936723709106]",0.04929577559232712,1.3893015384674072
"{'op': 'sgd', 'lo': 'sparse_categorical_crossentropy', 'nod': 2, 'nn': 512, 'dim': (299, 299)}","[0.2442748099565506, 0.25381678342819214, 0.25381678342819214, 0.25381678342819214, 0.25381678342819214, 0.25381678342819214, 0.25381678342819214, 0.25381678342819214, 0.24522900581359863, 0.25381678342819214, 0.25381678342819214, 0.2471373975276947, 0.25381678342819214, 0.24809160828590393, 0.25381678342819214]","[0.5752212405204773, 0.5752212405204773, 0.5752212405204773, 0.5752212405204773, 0.5752212405204773, 0.5752212405204773, 0.5752212405204773, 0.5752212405204773, 0.5752212405204773, 0.5752212405204773, 0.5752212405204773, 0.5752212405204773, 0.5752212405204773, 0.5752212405204773, 0.5752212405204773]","[1273.17626953125, 1.381299376487732, 1.3811142444610596, 1.38112211227417, 1.3811042308807373, 1.3810991048812866, 1.3811099529266357, 1.3811103105545044, 1.3811144828796387, 1.3810876607894897, 1.3810997009277344, 1.3810697793960571, 1.3810971975326538, 1.3810803890228271, 1.3811099529266357]","[1.3806368112564087, 1.381158709526062, 1.3816039562225342, 1.38206946849823, 1.3822084665298462, 1.3823825120925903, 1.3827303647994995, 1.383196234703064, 1.3832805156707764, 1.383580207824707, 1.3840268850326538, 1.3842062950134277, 1.3843642473220825, 1.3842284679412842, 1.3843284845352173]",0.5845070481300354,1.3839279413223267
"{'op': 'sgd', 'lo': 'sparse_categorical_crossentropy', 'nod': 2, 'nn': 512, 'dim': (299, 299)}","[0.22805343568325043, 0.25, 0.24236641824245453, 0.25, 0.24332061409950256, 0.2471373975276947, 0.23664122819900513, 0.24045801162719727, 0.24045801162719727, 0.23950381577014923, 0.24904580414295197, 0.2471373975276947, 0.24332061409950256, 0.23759542405605316, 0.24332061409950256]","[0.16814158856868744, 0.16814158856868744, 0.16814158856868744, 0.16814158856868744, 0.5752212405204773, 0.5752212405204773, 0.5752212405204773, 0.5752212405204773, 0.5752212405204773, 0.5752212405204773, 0.5752212405204773, 0.5752212405204773, 0.5752212405204773, 0.5752212405204773, 0.5752212405204773]","[2933.420654296875, 1.3785395622253418, 1.3785117864608765, 1.3784985542297363, 1.3784812688827515, 1.3784488439559937, 1.378484845161438, 1.3784780502319336, 1.3784277439117432, 1.3784546852111816, 1.3784350156784058, 1.3784434795379639, 1.3784382343292236, 1.378461480140686, 1.3784303665161133]","[1.3864799737930298, 1.3861289024353027, 1.386013388633728, 1.3858437538146973, 1.3857485055923462, 1.3855550289154053, 1.3854725360870361, 1.3853542804718018, 1.3853298425674438, 1.3852930068969727, 1.385289192199707, 1.3851385116577148, 1.3851227760314941, 1.3849016427993774, 1.385058879852295]",0.577464759349823,1.3905688524246216
"{'op': 'sgd', 'lo': 'sparse_categorical_crossentropy', 'nod': 2, 'nn': 512, 'dim': (299, 299)}","[0.25, 0.2528626024723053, 0.2528626024723053, 0.2528626024723053, 0.2528626024723053, 0.2528626024723053, 0.2471373975276947, 0.23473282158374786, 0.24236641824245453, 0.24236641824245453, 0.2528626024723053, 0.2528626024723053, 0.25, 0.25, 0.25]","[0.06194690242409706, 0.06194690242409706, 0.06194690242409706, 0.06194690242409706, 0.06194690242409706, 0.06194690242409706, 0.06194690242409706, 0.06194690242409706, 0.06194690242409706, 0.06194690242409706, 0.06194690242409706, 0.06194690242409706, 0.06194690242409706, 0.06194690242409706, 0.06194690242409706]","[2866.261474609375, 1.3824617862701416, 1.382459282875061, 1.3824236392974854, 1.3824197053909302, 1.3824440240859985, 1.3824405670166016, 1.3824313879013062, 1.3824336528778076, 1.3824431896209717, 1.3824464082717896, 1.3824632167816162, 1.5739184617996216, 1.3864496946334839, 1.3864384889602661]","[1.3867406845092773, 1.3864703178405762, 1.386375069618225, 1.386050820350647, 1.3859379291534424, 1.3858178853988647, 1.3858927488327026, 1.3858734369277954, 1.3859508037567139, 1.3861037492752075, 1.386055588722229, 1.3860793113708496, 1.3853702545166016, 1.385289192199707, 1.385155439376831]",0.04929577559232712,1.387048363685608
"{'op': 'adam', 'lo': 'sparse_categorical_crossentropy', 'nod': 1, 'nn': 256, 'dim': (299, 299)}","[0.4559386968612671, 0.8409961462020874, 0.9549808502197266, 0.967432975769043, 0.9741379022598267, 0.9865900278091431, 0.992337167263031, 0.9511494040489197, 0.9664750695228577, 0.9636015295982361, 0.975095808506012, 0.9837164878845215, 0.9894636273384094, 0.9626436829566956, 0.984674334526062]","[0.6637167930603027, 0.6991150379180908, 0.6548672318458557, 0.6548672318458557, 0.6814159154891968, 0.6637167930603027, 0.6548672318458557, 0.7168141603469849, 0.6725663542747498, 0.5663716793060303, 0.7079645991325378, 0.76106196641922, 0.6371681690216064, 0.7345132827758789, 0.752212405204773]","[168.5358428955078, 7.11827278137207, 0.54324871301651, 0.44306817650794983, 0.3217451274394989, 0.1462915539741516, 0.030457915738224983, 0.7677721977233887, 0.553212583065033, 0.5533939599990845, 0.4685705900192261, 0.09456206113100052, 0.11793505400419235, 0.7183793783187866, 0.17691504955291748]","[25.903942108154297, 15.048540115356445, 12.85693359375, 14.8407621383667, 11.24199104309082, 11.703303337097168, 11.814929962158203, 14.597746849060059, 15.358154296875, 21.52840232849121, 16.57781410217285, 13.651155471801758, 18.1168155670166, 18.392045974731445, 16.50250244140625]",0.7464788556098938,17.918127059936523
"{'op': 'adam', 'lo': 'sparse_categorical_crossentropy', 'nod': 1, 'nn': 256, 'dim': (299, 299)}","[0.5314885377883911, 0.8559160232543945, 0.9417939186096191, 0.9799618124961853, 0.9875954389572144, 0.972328245639801, 0.9742366671562195, 0.955152690410614, 0.972328245639801, 0.9417939186096191, 0.9208015203475952, 0.9809160232543945, 0.9284350872039795, 0.9208015203475952, 0.9627862572669983]","[0.44247788190841675, 0.5575221180915833, 0.7168141603469849, 0.7345132827758789, 0.6548672318458557, 0.6637167930603027, 0.6902654767036438, 0.6991150379180908, 0.6194690465927124, 0.6017699241638184, 0.752212405204773, 0.7345132827758789, 0.6902654767036438, 0.778761088848114, 0.752212405204773]","[111.84091186523438, 6.347005844116211, 1.3957823514938354, 0.2540348470211029, 0.23345088958740234, 0.4492979347705841, 0.471221923828125, 1.0727554559707642, 0.5530498027801514, 2.389927387237549, 4.081477165222168, 0.3222346007823944, 3.390129327774048, 4.839620590209961, 1.2454102039337158]","[38.81112289428711, 35.3927001953125, 21.41282081604004, 23.06650161743164, 27.03134536743164, 29.824466705322266, 26.479331970214844, 22.459646224975586, 35.50503921508789, 44.40251159667969, 30.377119064331055, 30.854225158691406, 44.724159240722656, 34.8956298828125, 38.0645751953125]",0.7605633735656738,32.025150299072266
"{'op': 'adam', 'lo': 'sparse_categorical_crossentropy', 'nod': 1, 'nn': 256, 'dim': (299, 299)}","[0.5343511700630188, 0.8540076613426208, 0.9522900581359863, 0.9370229244232178, 0.9341602921485901, 0.9456107020378113, 0.9465649127960205, 0.8673664331436157, 0.9484732747077942, 0.9914122223854065, 0.9923664331436157, 0.9980915784835815, 0.9971374273300171, 1.0, 1.0]","[0.6283186078071594, 0.6902654767036438, 0.7079645991325378, 0.769911527633667, 0.6637167930603027, 0.6902654767036438, 0.5840708017349243, 0.6902654767036438, 0.6902654767036438, 0.7256637215614319, 0.6991150379180908, 0.7079645991325378, 0.7168141603469849, 0.6991150379180908, 0.6991150379180908]","[143.63406372070312, 3.24442195892334, 0.5356625914573669, 0.7230387330055237, 0.7895464897155762, 0.708175539970398, 0.5904709696769714, 5.962307453155518, 1.003024935722351, 0.041326552629470825, 0.028207726776599884, 0.02294468879699707, 0.004940537735819817, 1.155705945166119e-06, 2.2250327674555592e-05]","[15.057005882263184, 9.571248054504395, 13.659196853637695, 10.286378860473633, 14.018275260925293, 11.347029685974121, 21.479963302612305, 25.022197723388672, 17.319076538085938, 16.04759407043457, 16.06703758239746, 15.85256290435791, 14.88919448852539, 15.792523384094238, 15.71678638458252]",0.7323943376541138,6.035590648651123
"{'op': 'adam', 'lo': 'sparse_categorical_crossentropy', 'nod': 1, 'nn': 256, 'dim': (299, 299)}","[0.5534350872039795, 0.8692747950553894, 0.9179389476776123, 0.919847309589386, 0.9513359069824219, 0.972328245639801, 0.9837786555290222, 0.9866412281990051, 0.9856870174407959, 0.9398854970932007, 0.9856870174407959, 0.9666030406951904, 0.9818702340126038, 0.9541984796524048, 0.9666030406951904]","[0.5309734344482422, 0.7168141603469849, 0.5752212405204773, 0.6814159154891968, 0.6460176706314087, 0.7168141603469849, 0.7079645991325378, 0.7168141603469849, 0.5486725568771362, 0.7433628439903259, 0.7256637215614319, 0.76106196641922, 0.6814159154891968, 0.7079645991325378, 0.7168141603469849]","[110.44821166992188, 6.10036039352417, 2.7972564697265625, 3.9120326042175293, 1.7814066410064697, 0.816063642501831, 0.4565872550010681, 0.5590255260467529, 0.521504282951355, 2.8700129985809326, 0.4792363941669464, 0.8720895648002625, 0.946856677532196, 3.0615639686584473, 1.7689539194107056]","[50.064125061035156, 41.99738693237305, 45.609169006347656, 29.828227996826172, 35.68435287475586, 32.18107986450195, 37.8547477722168, 36.439998626708984, 62.377525329589844, 32.50106430053711, 36.86695098876953, 39.99220657348633, 46.58076477050781, 51.78791046142578, 47.688941955566406]",0.7253521084785461,41.733367919921875
"{'op': 'adam', 'lo': 'sparse_categorical_crossentropy', 'nod': 1, 'nn': 256, 'dim': (299, 299)}","[0.5296934843063354, 0.8649425506591797, 0.8687739372253418, 0.9425287246704102, 0.984674334526062, 0.9818007946014404, 0.984674334526062, 0.9636015295982361, 0.9837164878845215, 0.9703065156936646, 0.9521072506904602, 0.9885057210922241, 0.9894636273384094, 0.9425287246704102, 0.9683908224105835]","[0.5840708017349243, 0.6548672318458557, 0.7256637215614319, 0.7168141603469849, 0.6991150379180908, 0.752212405204773, 0.778761088848114, 0.7168141603469849, 0.7168141603469849, 0.7079645991325378, 0.6814159154891968, 0.7256637215614319, 0.7256637215614319, 0.7079645991325378, 0.6902654767036438]","[111.76752471923828, 2.0591824054718018, 2.2101056575775146, 0.9359230399131775, 0.13615237176418304, 0.1405455470085144, 0.14200083911418915, 0.45412662625312805, 0.274781733751297, 0.41044431924819946, 0.9359669089317322, 0.12513279914855957, 0.11038842797279358, 1.2263516187667847, 0.6269038915634155]","[12.240365982055664, 11.347472190856934, 9.743196487426758, 13.17039966583252, 11.683568954467773, 12.47343635559082, 13.91478443145752, 14.444829940795898, 13.931035041809082, 17.023582458496094, 14.655241012573242, 14.815631866455078, 15.349212646484375, 13.273985862731934, 15.737417221069336]",0.7323943376541138,12.445863723754883
"{'op': 'adam', 'lo': 'sparse_categorical_crossentropy', 'nod': 1, 'nn': 512, 'dim': (299, 299)}","[0.5296934843063354, 0.8256704807281494, 0.9233716726303101, 0.9339080452919006, 0.9760536551475525, 0.992337167263031, 0.9952107071876526, 0.9990421533584595, 0.9961685538291931, 0.9913793206214905, 0.992337167263031, 0.9722222089767456, 0.9090038537979126, 0.9281609058380127, 0.9808428883552551]","[0.6991150379180908, 0.7433628439903259, 0.7433628439903259, 0.6725663542747498, 0.6991150379180908, 0.7345132827758789, 0.7079645991325378, 0.769911527633667, 0.7345132827758789, 0.7168141603469849, 0.6902654767036438, 0.6460176706314087, 0.6991150379180908, 0.752212405204773, 0.7345132827758789]","[182.0286102294922, 8.182799339294434, 1.8103485107421875, 1.6337270736694336, 0.35426804423332214, 0.10881044715642929, 0.07922462373971939, 0.001122050336562097, 0.048017509281635284, 0.14863410592079163, 0.056104086339473724, 0.654643177986145, 3.132896661758423, 3.100604772567749, 0.49132734537124634]","[30.5742130279541, 16.8822078704834, 22.036874771118164, 21.420883178710938, 17.969850540161133, 17.525381088256836, 21.704853057861328, 18.985084533691406, 15.730976104736328, 18.887516021728516, 21.941621780395508, 23.113889694213867, 19.293792724609375, 37.06118392944336, 35.121429443359375]",0.7394366264343262,20.22294044494629
"{'op': 'adam', 'lo': 'sparse_categorical_crossentropy', 'nod': 1, 'nn': 512, 'dim': (299, 299)}","[0.5896946787834167, 0.8673664331436157, 0.9083969593048096, 0.9599236845970154, 0.9351145029067993, 0.9704198241233826, 0.9637404680252075, 0.9818702340126038, 0.9837786555290222, 0.9427480697631836, 0.9875954389572144, 0.9875954389572144, 0.9904580116271973, 0.9618320465087891, 0.9666030406951904]","[0.5929203629493713, 0.6725663542747498, 0.7256637215614319, 0.6460176706314087, 0.7345132827758789, 0.6814159154891968, 0.5840708017349243, 0.7079645991325378, 0.7433628439903259, 0.7168141603469849, 0.7079645991325378, 0.7433628439903259, 0.6991150379180908, 0.5309734344482422, 0.7168141603469849]","[124.82972717285156, 8.79375171661377, 4.2394819259643555, 1.2969321012496948, 2.255333423614502, 1.191447138786316, 1.6871410608291626, 0.7698758244514465, 0.4617072641849518, 3.6534430980682373, 0.25647246837615967, 0.3720429837703705, 0.3300378620624542, 2.505262851715088, 1.6174345016479492]","[42.59254837036133, 41.57456588745117, 35.8912467956543, 39.17924499511719, 44.27320861816406, 52.43071746826172, 50.942779541015625, 44.43608093261719, 53.80951690673828, 63.8942985534668, 52.78049850463867, 44.80928039550781, 65.73689270019531, 72.8591079711914, 49.669647216796875]",0.7535211443901062,47.016136169433594
"{'op': 'adam', 'lo': 'sparse_categorical_crossentropy', 'nod': 1, 'nn': 512, 'dim': (299, 299)}","[0.48473283648490906, 0.8463740348815918, 0.9456107020378113, 0.9351145029067993, 0.9799618124961853, 0.9866412281990051, 0.9914122223854065, 0.9961832165718079, 0.9952290058135986, 0.9971374273300171, 0.9971374273300171, 0.9675572514533997, 0.9952290058135986, 0.9904580116271973, 0.9589694738388062]","[0.4336283206939697, 0.6991150379180908, 0.6637167930603027, 0.6991150379180908, 0.6991150379180908, 0.7256637215614319, 0.76106196641922, 0.7433628439903259, 0.7079645991325378, 0.6637167930603027, 0.7079645991325378, 0.7079645991325378, 0.6991150379180908, 0.7256637215614319, 0.6194690465927124]","[201.8025360107422, 5.56083345413208, 1.080446720123291, 2.033634662628174, 0.2488327920436859, 0.20141106843948364, 0.07543198764324188, 0.02148512937128544, 0.05653215944766998, 0.04668482020497322, 0.042639970779418945, 0.44780030846595764, 0.028952691704034805, 0.0674515888094902, 0.8508143424987793]","[44.80188751220703, 16.003013610839844, 25.999006271362305, 18.60498046875, 18.724266052246094, 13.917552947998047, 13.3988618850708, 12.559677124023438, 12.608013153076172, 15.25725269317627, 17.591636657714844, 13.587393760681152, 17.4152774810791, 22.025650024414062, 32.83321762084961]",0.6478873491287231,15.491827964782715
"{'op': 'adam', 'lo': 'sparse_categorical_crossentropy', 'nod': 1, 'nn': 512, 'dim': (299, 299)}","[0.4914122223854065, 0.8330152630805969, 0.9379770755767822, 0.944656491279602, 0.9780534505844116, 0.9770992398262024, 0.9856870174407959, 0.9933205842971802, 0.9952290058135986, 0.9942747950553894, 0.9885495901107788, 0.9637404680252075, 0.8979007601737976, 0.9522900581359863, 0.9799618124961853]","[0.6902654767036438, 0.6991150379180908, 0.6725663542747498, 0.6902654767036438, 0.7079645991325378, 0.6460176706314087, 0.76106196641922, 0.7433628439903259, 0.7168141603469849, 0.7079645991325378, 0.7168141603469849, 0.6902654767036438, 0.7168141603469849, 0.7168141603469849, 0.7256637215614319]","[197.73419189453125, 6.464713096618652, 1.2328566312789917, 1.1513904333114624, 0.36703893542289734, 0.45418792963027954, 0.30516183376312256, 0.042528025805950165, 0.06609511375427246, 0.053102076053619385, 0.20769572257995605, 0.8566233515739441, 3.8021697998046875, 1.8386083841323853, 0.3672824203968048]","[22.216140747070312, 17.759742736816406, 20.721149444580078, 10.884686470031738, 17.640827178955078, 19.976924896240234, 19.867332458496094, 18.491060256958008, 20.147972106933594, 21.121612548828125, 18.812000274658203, 28.6850643157959, 45.41843032836914, 28.920669555664062, 22.236968994140625]",0.7112675905227661,21.19915771484375
"{'op': 'adam', 'lo': 'sparse_categorical_crossentropy', 'nod': 1, 'nn': 512, 'dim': (299, 299)}","[0.4885057508945465, 0.8256704807281494, 0.9214559197425842, 0.954023003578186, 0.9166666865348816, 0.9042145609855652, 0.9722222089767456, 0.9961685538291931, 0.9913793206214905, 0.9942528605461121, 0.9885057210922241, 0.9568965435028076, 0.977011501789093, 0.9875478744506836, 0.9961685538291931]","[0.6460176706314087, 0.6106194853782654, 0.6725663542747498, 0.6637167930603027, 0.5929203629493713, 0.6725663542747498, 0.6814159154891968, 0.6902654767036438, 0.7079645991325378, 0.6548672318458557, 0.6991150379180908, 0.6194690465927124, 0.6814159154891968, 0.6814159154891968, 0.6991150379180908]","[193.42588806152344, 4.947423458099365, 1.3087197542190552, 0.653544545173645, 2.1088674068450928, 2.2329249382019043, 0.5136624574661255, 0.013859900645911694, 0.11127430945634842, 0.036071714013814926, 0.2878800332546234, 1.0408413410186768, 0.39411360025405884, 0.2539583444595337, 0.021408088505268097]","[30.33329963684082, 19.78622817993164, 19.4541015625, 34.76447296142578, 28.30769920349121, 27.543668746948242, 21.786888122558594, 21.35344886779785, 20.603397369384766, 22.182416915893555, 18.570266723632812, 29.20188331604004, 26.873992919921875, 25.700592041015625, 24.214994430541992]",0.7605633735656738,18.041418075561523
"{'op': 'adam', 'lo': 'sparse_categorical_crossentropy', 'nod': 2, 'nn': 256, 'dim': (299, 299)}","[0.47614502906799316, 0.802480936050415, 0.9427480697631836, 0.9522900581359863, 0.9904580116271973, 0.9923664331436157, 0.9980915784835815, 0.9961832165718079, 0.9370229244232178, 0.9751908183097839, 0.9856870174407959, 0.9427480697631836, 0.8711832165718079, 0.8692747950553894, 0.9780534505844116]","[0.4955752193927765, 0.7345132827758789, 0.6814159154891968, 0.752212405204773, 0.7079645991325378, 0.6460176706314087, 0.6902654767036438, 0.6814159154891968, 0.76106196641922, 0.7256637215614319, 0.7256637215614319, 0.7256637215614319, 0.5044247508049011, 0.6725663542747498, 0.7345132827758789]","[190.23580932617188, 10.168736457824707, 1.2087563276290894, 0.7905443906784058, 0.2335883378982544, 0.10768261551856995, 0.02558196522295475, 0.029596591368317604, 1.2808506488800049, 0.23246458172798157, 0.14373144507408142, 1.257693886756897, 5.785579681396484, 6.969054698944092, 0.3851590156555176]","[49.8530387878418, 12.132641792297363, 16.616802215576172, 10.5960111618042, 11.17623519897461, 12.547874450683594, 10.544768333435059, 12.625245094299316, 11.5997953414917, 12.444607734680176, 12.649088859558105, 19.631690979003906, 79.8535385131836, 23.936176300048828, 19.591144561767578]",0.7676056623458862,21.055419921875
"{'op': 'adam', 'lo': 'sparse_categorical_crossentropy', 'nod': 2, 'nn': 256, 'dim': (299, 299)}","[0.5660919547080994, 0.8093869686126709, 0.9137930870056152, 0.982758641242981, 0.9875478744506836, 0.99042147397995, 0.9885057210922241, 0.9032567143440247, 0.9003831148147583, 0.9712643623352051, 0.99042147397995, 0.9961685538291931, 0.998084306716919, 0.9971264600753784, 0.9971264600753784]","[0.7433628439903259, 0.6991150379180908, 0.7256637215614319, 0.7256637215614319, 0.7345132827758789, 0.7256637215614319, 0.752212405204773, 0.5752212405204773, 0.6725663542747498, 0.7079645991325378, 0.7345132827758789, 0.752212405204773, 0.7433628439903259, 0.769911527633667, 0.76106196641922]","[92.32635498046875, 8.516140937805176, 2.212634563446045, 0.2989015281200409, 0.20700035989284515, 0.2324797809123993, 0.2585281729698181, 4.839967250823975, 3.227776527404785, 0.9837596416473389, 0.12644968926906586, 0.05190255492925644, 0.028870170935988426, 0.023779815062880516, 0.007443573325872421]","[24.323291778564453, 25.5417537689209, 23.449134826660156, 22.512107849121094, 23.45909881591797, 24.670368194580078, 24.7149715423584, 31.474594116210938, 27.484819412231445, 27.840749740600586, 26.37317657470703, 29.0456600189209, 27.580801010131836, 29.5159854888916, 27.307605743408203]",0.7253521084785461,34.005001068115234
"{'op': 'adam', 'lo': 'sparse_categorical_crossentropy', 'nod': 2, 'nn': 256, 'dim': (299, 299)}","[0.487547904253006, 0.74042147397995, 0.8831417560577393, 0.9501915574073792, 0.9875478744506836, 0.9971264600753784, 0.992337167263031, 0.9885057210922241, 0.975095808506012, 0.9798850417137146, 0.9808428883552551, 0.992337167263031, 0.9932950139045715, 0.9798850417137146, 0.9741379022598267]","[0.3539822995662689, 0.6194690465927124, 0.6902654767036438, 0.6991150379180908, 0.7168141603469849, 0.7168141603469849, 0.7256637215614319, 0.6548672318458557, 0.6371681690216064, 0.6814159154891968, 0.6725663542747498, 0.6637167930603027, 0.6371681690216064, 0.6283186078071594, 0.6548672318458557]","[203.92056274414062, 6.0478925704956055, 1.7054706811904907, 0.7689419984817505, 0.1625790297985077, 0.009334673173725605, 0.05014265328645706, 0.1275966465473175, 0.32319650053977966, 0.21579936146736145, 0.1440051943063736, 0.05660506337881088, 0.05581708252429962, 0.22529266774654388, 0.2809123694896698]","[28.66753387451172, 13.414274215698242, 15.248125076293945, 11.198663711547852, 12.31112289428711, 13.082451820373535, 13.802945137023926, 15.081730842590332, 16.813087463378906, 13.303838729858398, 15.644159317016602, 16.59531021118164, 14.927279472351074, 16.461219787597656, 15.3514986038208]",0.7535211443901062,12.847091674804688
"{'op': 'adam', 'lo': 'sparse_categorical_crossentropy', 'nod': 2, 'nn': 256, 'dim': (299, 299)}","[0.4293893277645111, 0.7662213444709778, 0.9246183037757874, 0.9790076613426208, 0.9875954389572144, 0.9847328066825867, 0.989503800868988, 0.9942747950553894, 0.9856870174407959, 0.9761450290679932, 0.9599236845970154, 0.9770992398262024, 0.9866412281990051, 0.9904580116271973, 0.9971374273300171]","[0.4601770043373108, 0.6637167930603027, 0.752212405204773, 0.752212405204773, 0.7168141603469849, 0.6991150379180908, 0.7433628439903259, 0.7433628439903259, 0.7433628439903259, 0.778761088848114, 0.7168141603469849, 0.7079645991325378, 0.7168141603469849, 0.7433628439903259, 0.7168141603469849]","[202.65892028808594, 17.016416549682617, 1.907059907913208, 0.2969840466976166, 0.07436250150203705, 0.2145712524652481, 0.10739167779684067, 0.018455220386385918, 0.15620830655097961, 0.5714800357818604, 0.5767059326171875, 0.332445353269577, 0.2383112758398056, 0.12938165664672852, 0.06672108918428421]","[65.11443328857422, 16.364761352539062, 15.054786682128906, 14.365623474121094, 14.618168830871582, 16.091588973999023, 14.308113098144531, 15.048789024353027, 17.277496337890625, 13.159562110900879, 17.592609405517578, 19.624305725097656, 17.964235305786133, 15.161483764648438, 15.307188987731934]",0.7464788556098938,20.927501678466797
"{'op': 'adam', 'lo': 'sparse_categorical_crossentropy', 'nod': 2, 'nn': 256, 'dim': (299, 299)}","[0.4437022805213928, 0.7700381875038147, 0.875, 0.9541984796524048, 0.9608778357505798, 0.9866412281990051, 0.9980915784835815, 1.0, 1.0, 1.0, 1.0, 1.0, 1.0, 1.0, 1.0]","[0.5840708017349243, 0.6814159154891968, 0.6725663542747498, 0.6814159154891968, 0.6991150379180908, 0.7256637215614319, 0.7079645991325378, 0.6991150379180908, 0.6991150379180908, 0.6902654767036438, 0.6991150379180908, 0.7079645991325378, 0.6991150379180908, 0.6991150379180908, 0.6991150379180908]","[163.47552490234375, 1.5376437902450562, 0.38867735862731934, 0.164521723985672, 0.12135107070207596, 0.041720639914274216, 0.022994019091129303, 0.012201509438455105, 0.009450570680201054, 0.007819129154086113, 0.006672965362668037, 0.005852332338690758, 0.005253537558019161, 0.00497629726305604, 0.0044319601729512215]","[3.905898094177246, 1.7787843942642212, 1.63362455368042, 1.7577171325683594, 1.6526519060134888, 1.626744270324707, 1.5486605167388916, 1.5684490203857422, 1.6098860502243042, 1.6300699710845947, 1.638583779335022, 1.6787395477294922, 1.7070914506912231, 1.7148566246032715, 1.7311205863952637]",0.7323943376541138,1.8046952486038208
"{'op': 'adam', 'lo': 'sparse_categorical_crossentropy', 'nod': 2, 'nn': 512, 'dim': (299, 299)}","[0.5450191497802734, 0.8601532578468323, 0.946360170841217, 0.9492337107658386, 0.9511494040489197, 0.9731800556182861, 0.9837164878845215, 0.8812260627746582, 0.9501915574073792, 0.9894636273384094, 0.9894636273384094, 0.9837164878845215, 0.9865900278091431, 0.9942528605461121, 0.998084306716919]","[0.5486725568771362, 0.6902654767036438, 0.6460176706314087, 0.6902654767036438, 0.6814159154891968, 0.6283186078071594, 0.5663716793060303, 0.6194690465927124, 0.6548672318458557, 0.7079645991325378, 0.6991150379180908, 0.7433628439903259, 0.7256637215614319, 0.6814159154891968, 0.7168141603469849]","[185.04563903808594, 7.807774543762207, 1.8441202640533447, 1.4916714429855347, 1.7937510013580322, 0.7243321537971497, 0.6667501330375671, 8.729727745056152, 2.285949230194092, 0.22670599818229675, 0.35287460684776306, 0.4828031361103058, 0.5225164890289307, 0.06857363879680634, 0.07198894023895264]","[61.58116149902344, 40.49821090698242, 36.12457275390625, 40.31840133666992, 53.323890686035156, 43.812686920166016, 54.521400451660156, 97.96985626220703, 48.88121795654297, 46.00835418701172, 58.66643142700195, 44.916934967041016, 47.979854583740234, 49.83908462524414, 47.86790466308594]",0.7464788556098938,37.7790641784668
"{'op': 'adam', 'lo': 'sparse_categorical_crossentropy', 'nod': 2, 'nn': 512, 'dim': (299, 299)}","[0.5009578466415405, 0.8496168851852417, 0.9252873659133911, 0.9032567143440247, 0.9664750695228577, 0.99042147397995, 0.9655172228813171, 0.961685836315155, 0.9655172228813171, 0.9837164878845215, 0.9913793206214905, 0.9942528605461121, 0.9971264600753784, 0.9875478744506836, 0.9990421533584595]","[0.40707963705062866, 0.6548672318458557, 0.6283186078071594, 0.6902654767036438, 0.6725663542747498, 0.7433628439903259, 0.6725663542747498, 0.6902654767036438, 0.6814159154891968, 0.6725663542747498, 0.6548672318458557, 0.6460176706314087, 0.6637167930603027, 0.7079645991325378, 0.7168141603469849]","[295.6256408691406, 8.383601188659668, 1.8069783449172974, 3.5842432975769043, 0.7729080319404602, 0.13271674513816833, 1.340850591659546, 0.9873661994934082, 0.9825364351272583, 0.26194047927856445, 0.08451053500175476, 0.07625557482242584, 0.040324609726667404, 0.11615440994501114, 0.0072204046882689]","[78.7890625, 38.610755920410156, 35.8233528137207, 25.633621215820312, 25.151453018188477, 24.802589416503906, 30.464628219604492, 28.590545654296875, 32.72067642211914, 28.15325164794922, 26.88475227355957, 28.115575790405273, 30.38629913330078, 25.232343673706055, 26.01601219177246]",0.7464788556098938,30.21588134765625
"{'op': 'adam', 'lo': 'sparse_categorical_crossentropy', 'nod': 2, 'nn': 512, 'dim': (299, 299)}","[0.5047709941864014, 0.8234732747077942, 0.9322519302368164, 0.9646946787834167, 0.9809160232543945, 0.9904580116271973, 0.9961832165718079, 0.9809160232543945, 0.9751908183097839, 0.9875954389572144, 0.9780534505844116, 0.9561068415641785, 0.9532442688941956, 0.9570610523223877, 0.955152690410614]","[0.5132743120193481, 0.7168141603469849, 0.769911527633667, 0.769911527633667, 0.7876105904579163, 0.778761088848114, 0.7876105904579163, 0.76106196641922, 0.7345132827758789, 0.8141592741012573, 0.6902654767036438, 0.778761088848114, 0.778761088848114, 0.752212405204773, 0.752212405204773]","[180.41146850585938, 8.914491653442383, 1.893459677696228, 0.511528491973877, 0.4788047671318054, 0.12148883193731308, 0.024229416623711586, 0.35369089245796204, 0.5588436126708984, 0.2625940442085266, 0.4877561926841736, 1.3763638734817505, 2.4171454906463623, 1.9970046281814575, 1.743740439414978]","[43.48008346557617, 16.428003311157227, 17.287912368774414, 16.16948699951172, 17.68501091003418, 16.65744972229004, 15.466951370239258, 16.317800521850586, 16.042720794677734, 16.00983238220215, 21.823692321777344, 24.338754653930664, 24.410825729370117, 26.668121337890625, 33.05177307128906]",0.7535211443901062,29.90793800354004
"{'op': 'adam', 'lo': 'sparse_categorical_crossentropy', 'nod': 2, 'nn': 512, 'dim': (299, 299)}","[0.4408397078514099, 0.7853053212165833, 0.9103053212165833, 0.9666030406951904, 0.9856870174407959, 0.9961832165718079, 0.9990457892417908, 0.9990457892417908, 0.9952290058135986, 0.9990457892417908, 1.0, 1.0, 1.0, 1.0, 1.0]","[0.5663716793060303, 0.6106194853782654, 0.7876105904579163, 0.752212405204773, 0.752212405204773, 0.76106196641922, 0.752212405204773, 0.7433628439903259, 0.7433628439903259, 0.76106196641922, 0.76106196641922, 0.76106196641922, 0.76106196641922, 0.76106196641922, 0.76106196641922]","[244.89878845214844, 10.04463005065918, 1.0909241437911987, 0.2497229278087616, 0.12442042678594589, 0.01692313142120838, 0.0025103644002228975, 0.0020132078789174557, 0.014776678755879402, 0.005736049264669418, 6.785672303522006e-05, 3.650413782452233e-05, 3.0951534427003935e-05, 2.8051199478795752e-05, 2.5453133275732398e-05]","[38.57447814941406, 12.416367530822754, 10.290960311889648, 9.381226539611816, 10.673752784729004, 9.323412895202637, 9.392298698425293, 9.382041931152344, 9.351221084594727, 9.394362449645996, 9.426209449768066, 9.429632186889648, 9.426448822021484, 9.432677268981934, 9.422710418701172]",0.7323943376541138,12.278376579284668
"{'op': 'adam', 'lo': 'sparse_categorical_crossentropy', 'nod': 2, 'nn': 512, 'dim': (299, 299)}","[0.4513358771800995, 0.8616412281990051, 0.919847309589386, 0.9780534505844116, 0.892175555229187, 0.9332060813903809, 0.9103053212165833, 0.9332060813903809, 0.9694656729698181, 0.9885495901107788, 0.9942747950553894, 0.9942747950553894, 0.9904580116271973, 0.9971374273300171, 0.9990457892417908]","[0.6725663542747498, 0.7345132827758789, 0.752212405204773, 0.76106196641922, 0.7079645991325378, 0.7433628439903259, 0.7433628439903259, 0.76106196641922, 0.7345132827758789, 0.7079645991325378, 0.752212405204773, 0.7256637215614319, 0.752212405204773, 0.7256637215614319, 0.7433628439903259]","[263.4510192871094, 2.9165971279144287, 0.9341286420822144, 0.17160169780254364, 1.6644755601882935, 1.3812190294265747, 1.673755168914795, 1.1824313402175903, 0.4106723964214325, 0.12832549214363098, 0.04078327491879463, 0.04687078297138214, 0.07619141042232513, 0.03465443104505539, 0.005902852397412062]","[11.262442588806152, 7.17177152633667, 6.122364044189453, 9.310311317443848, 17.193859100341797, 8.028822898864746, 10.24328899383545, 12.407127380371094, 11.877837181091309, 12.34764575958252, 12.256023406982422, 14.079449653625488, 14.089422225952148, 10.898496627807617, 14.926231384277344]",0.7535211443901062,9.57445240020752
"{'op': 'rmsprop', 'lo': 'sparse_categorical_crossentropy', 'nod': 1, 'nn': 256, 'dim': (299, 299)}","[0.4214559495449066, 0.5823754668235779, 0.7442528605461121, 0.7231800556182861, 0.8553639650344849, 0.8295019268989563, 0.8965517282485962, 0.9070881009101868, 0.8917624354362488, 0.9272030591964722, 0.9425287246704102, 0.8955938816070557, 0.9406130313873291, 0.9396551847457886, 0.9444444179534912]","[0.4955752193927765, 0.13274335861206055, 0.7079645991325378, 0.28318583965301514, 0.6725663542747498, 0.5929203629493713, 0.6460176706314087, 0.6283186078071594, 0.6194690465927124, 0.6460176706314087, 0.6637167930603027, 0.6106194853782654, 0.6460176706314087, 0.6902654767036438, 0.6017699241638184]","[397.96563720703125, 71.6954574584961, 40.893680572509766, 42.86853790283203, 19.072532653808594, 25.88665008544922, 15.983312606811523, 14.262823104858398, 19.98404884338379, 12.46839714050293, 10.657310485839844, 18.435558319091797, 11.863272666931152, 10.248157501220703, 6.988292217254639]","[59.6307487487793, 183.32052612304688, 64.71041107177734, 242.05581665039062, 60.65459060668945, 83.43347930908203, 55.28451919555664, 63.278438568115234, 52.69255447387695, 54.98196029663086, 57.480194091796875, 87.91795349121094, 62.86833953857422, 175.25369262695312, 114.84236907958984]",0.7042253613471985,68.025146484375
"{'op': 'rmsprop', 'lo': 'sparse_categorical_crossentropy', 'nod': 1, 'nn': 256, 'dim': (299, 299)}","[0.4358237683773041, 0.6034482717514038, 0.734674334526062, 0.7461685538291931, 0.8678160905838013, 0.8342911601066589, 0.8381226062774658, 0.9109195470809937, 0.9281609058380127, 0.8917624354362488, 0.9300765991210938, 0.9080459475517273, 0.9319923520088196, 0.9703065156936646, 0.8812260627746582]","[0.3451327383518219, 0.7256637215614319, 0.6725663542747498, 0.7345132827758789, 0.7256637215614319, 0.5221238732337952, 0.7433628439903259, 0.5840708017349243, 0.7433628439903259, 0.752212405204773, 0.6991150379180908, 0.76106196641922, 0.752212405204773, 0.6460176706314087, 0.769911527633667]","[355.5472106933594, 67.17227172851562, 36.790138244628906, 32.38459396362305, 10.688955307006836, 22.62775993347168, 20.50570297241211, 11.157148361206055, 4.6577043533325195, 15.868119239807129, 7.863152980804443, 8.482277870178223, 6.029001235961914, 2.8538124561309814, 13.38024616241455]","[159.77699279785156, 19.08041000366211, 23.884565353393555, 47.047908782958984, 31.16843605041504, 76.208251953125, 23.151721954345703, 49.05107879638672, 29.519119262695312, 34.47446823120117, 31.765029907226562, 32.306602478027344, 38.28990936279297, 84.76152801513672, 56.496490478515625]",0.7183098793029785,63.52607727050781
"{'op': 'rmsprop', 'lo': 'sparse_categorical_crossentropy', 'nod': 1, 'nn': 256, 'dim': (299, 299)}","[0.4408397078514099, 0.614503800868988, 0.7385495901107788, 0.7881679534912109, 0.8444656729698181, 0.8730915784835815, 0.8883587718009949, 0.8845419883728027, 0.8864504098892212, 0.9131679534912109, 0.919847309589386, 0.9150763154029846, 0.9656488299369812, 0.9312977194786072, 0.9484732747077942]","[0.6283186078071594, 0.5575221180915833, 0.47787609696388245, 0.5840708017349243, 0.7256637215614319, 0.39823007583618164, 0.769911527633667, 0.22123894095420837, 0.45132744312286377, 0.7079645991325378, 0.778761088848114, 0.7079645991325378, 0.7876105904579163, 0.769911527633667, 0.778761088848114]","[255.95071411132812, 51.442623138427734, 27.325101852416992, 25.4664306640625, 18.390182495117188, 13.63245677947998, 14.199175834655762, 9.203818321228027, 13.670276641845703, 5.349929332733154, 6.410124778747559, 6.805287837982178, 1.4409829378128052, 9.575736045837402, 5.908298492431641]","[30.35500717163086, 67.94200897216797, 59.18621826171875, 108.61041259765625, 22.371938705444336, 139.05137634277344, 22.12343406677246, 236.3218994140625, 78.20426940917969, 63.96759796142578, 27.557727813720703, 36.98274230957031, 25.45102310180664, 32.394405364990234, 25.719940185546875]",0.7676056623458862,32.91474914550781
"{'op': 'rmsprop', 'lo': 'sparse_categorical_crossentropy', 'nod': 1, 'nn': 256, 'dim': (299, 299)}","[0.442748099565506, 0.5982824563980103, 0.7280534505844116, 0.7480915784835815, 0.7833969593048096, 0.8530534505844116, 0.8816794157028198, 0.8998091816902161, 0.8959923386573792, 0.8635495901107788, 0.9408397078514099, 0.9379770755767822, 0.9408397078514099, 0.9532442688941956, 0.9875954389572144]","[0.4247787594795227, 0.6637167930603027, 0.6902654767036438, 0.6548672318458557, 0.5132743120193481, 0.6637167930603027, 0.7079645991325378, 0.6991150379180908, 0.6902654767036438, 0.6637167930603027, 0.76106196641922, 0.6991150379180908, 0.778761088848114, 0.752212405204773, 0.2743362784385681]","[313.68145751953125, 65.84800720214844, 34.44504928588867, 34.93373107910156, 22.946136474609375, 20.107805252075195, 11.564064979553223, 13.037671089172363, 11.947514533996582, 16.936729431152344, 6.942427635192871, 10.686199188232422, 10.93683910369873, 4.305724143981934, 3.044128656387329]","[171.50387573242188, 45.97239685058594, 47.89311981201172, 33.345664978027344, 150.07711791992188, 51.798152923583984, 64.476806640625, 41.262725830078125, 73.66629028320312, 64.57231903076172, 42.029205322265625, 46.9056282043457, 33.75009536743164, 34.21179962158203, 230.74313354492188]",0.7323943376541138,47.28742599487305
"{'op': 'rmsprop', 'lo': 'sparse_categorical_crossentropy', 'nod': 1, 'nn': 256, 'dim': (299, 299)}","[0.45038166642189026, 0.6183205842971802, 0.7003816962242126, 0.8072519302368164, 0.8177480697631836, 0.8377862572669983, 0.8826335668563843, 0.9284350872039795, 0.9150763154029846, 0.9160305261611938, 0.8998091816902161, 0.9866412281990051, 0.8931297659873962, 0.9923664331436157, 0.927480936050415]","[0.6106194853782654, 0.5044247508049011, 0.38053098320961, 0.6460176706314087, 0.769911527633667, 0.6460176706314087, 0.7168141603469849, 0.6991150379180908, 0.752212405204773, 0.7079645991325378, 0.6194690465927124, 0.7345132827758789, 0.7345132827758789, 0.6991150379180908, 0.6902654767036438]","[397.27825927734375, 88.24561309814453, 70.47652435302734, 41.266849517822266, 55.198387145996094, 30.222103118896484, 22.707698822021484, 18.784208297729492, 12.584720611572266, 17.008464813232422, 26.037935256958008, 0.7065548896789551, 27.78448486328125, 0.24039746820926666, 17.22989845275879]","[99.69853973388672, 164.87368774414062, 77.13749694824219, 42.69394302368164, 46.90402603149414, 92.59896087646484, 40.13851547241211, 69.72248840332031, 68.88935852050781, 109.64144897460938, 58.16913604736328, 53.163063049316406, 62.18901824951172, 52.53545379638672, 50.04119873046875]",0.7323943376541138,68.0863265991211
"{'op': 'rmsprop', 'lo': 'sparse_categorical_crossentropy', 'nod': 1, 'nn': 512, 'dim': (299, 299)}","[0.4484732747077942, 0.5677480697631836, 0.722328245639801, 0.7652671933174133, 0.8110687136650085, 0.8396946787834167, 0.8253816962242126, 0.8377862572669983, 0.8998091816902161, 0.8778625726699829, 0.9007633328437805, 0.902671754360199, 0.9083969593048096, 0.9580152630805969, 0.9360687136650085]","[0.5575221180915833, 0.6460176706314087, 0.21238937973976135, 0.7079645991325378, 0.7079645991325378, 0.6637167930603027, 0.6814159154891968, 0.7433628439903259, 0.6371681690216064, 0.6725663542747498, 0.6283186078071594, 0.7079645991325378, 0.7433628439903259, 0.7256637215614319, 0.76106196641922]","[430.2842102050781, 89.72564697265625, 45.87744903564453, 36.45812225341797, 34.552310943603516, 24.57561683654785, 30.202465057373047, 24.139944076538086, 16.048818588256836, 17.180009841918945, 13.975384712219238, 16.24250030517578, 11.166336059570312, 6.832441806793213, 7.118474006652832]","[47.459625244140625, 78.41539001464844, 211.79714965820312, 111.75790405273438, 88.505859375, 46.77845001220703, 61.585243225097656, 47.754459381103516, 154.49119567871094, 97.32140350341797, 89.32872009277344, 49.51675796508789, 42.34604263305664, 54.5455436706543, 56.153343200683594]",0.7253521084785461,47.26527786254883
"{'op': 'rmsprop', 'lo': 'sparse_categorical_crossentropy', 'nod': 1, 'nn': 512, 'dim': (299, 299)}","[0.45402297377586365, 0.6245210766792297, 0.7298850417137146, 0.7720306515693665, 0.8266283273696899, 0.8218390941619873, 0.8793103694915771, 0.8927202820777893, 0.9128352403640747, 0.9339080452919006, 0.9272030591964722, 0.9291187524795532, 0.9147509336471558, 0.9243295192718506, 0.9588122367858887]","[0.6371681690216064, 0.5929203629493713, 0.6814159154891968, 0.6017699241638184, 0.5840708017349243, 0.6283186078071594, 0.44247788190841675, 0.6371681690216064, 0.6814159154891968, 0.6991150379180908, 0.1946902722120285, 0.37168142199516296, 0.6637167930603027, 0.6991150379180908, 0.6814159154891968]","[555.50732421875, 101.77864837646484, 67.8167953491211, 51.91494369506836, 37.305755615234375, 31.51983070373535, 18.614269256591797, 22.526397705078125, 14.37167739868164, 9.040387153625488, 9.182976722717285, 14.382509231567383, 15.546069145202637, 12.953359603881836, 5.387313365936279]","[55.59104919433594, 139.20315551757812, 80.71407318115234, 223.35281372070312, 65.06556701660156, 56.05833053588867, 107.59961700439453, 132.20599365234375, 55.036163330078125, 61.33161163330078, 285.68194580078125, 140.28787231445312, 57.50788879394531, 49.90980529785156, 59.94133758544922]",0.7535211443901062,45.901832580566406
"{'op': 'rmsprop', 'lo': 'sparse_categorical_crossentropy', 'nod': 1, 'nn': 512, 'dim': (299, 299)}","[0.4157088100910187, 0.5890804529190063, 0.6609195470809937, 0.7892720103263855, 0.8256704807281494, 0.8199234008789062, 0.8850574493408203, 0.8515325784683228, 0.9109195470809937, 0.8898467421531677, 0.9185823798179626, 0.8888888955116272, 0.959770143032074, 0.938697338104248, 0.9501915574073792]","[0.5752212405204773, 0.6194690465927124, 0.7433628439903259, 0.7079645991325378, 0.76106196641922, 0.76106196641922, 0.6902654767036438, 0.6460176706314087, 0.6460176706314087, 0.7256637215614319, 0.5309734344482422, 0.7168141603469849, 0.6991150379180908, 0.37168142199516296, 0.7256637215614319]","[418.956298828125, 110.4335708618164, 72.44917297363281, 32.721954345703125, 29.481447219848633, 33.94145965576172, 16.63814353942871, 21.381961822509766, 16.901447296142578, 11.669449806213379, 9.805591583251953, 14.868786811828613, 5.795342445373535, 5.493686676025391, 6.977880477905273]","[64.75259399414062, 142.27696228027344, 28.39113998413086, 142.6977081298828, 35.26007080078125, 30.773916244506836, 49.898643493652344, 85.22172546386719, 43.26624298095703, 26.25291633605957, 63.874237060546875, 30.62623405456543, 54.65212631225586, 105.64729309082031, 44.587589263916016]",0.6619718074798584,45.37606430053711
"{'op': 'rmsprop', 'lo': 'sparse_categorical_crossentropy', 'nod': 1, 'nn': 512, 'dim': (299, 299)}","[0.4570610821247101, 0.6173664331436157, 0.6917939186096191, 0.847328245639801, 0.7853053212165833, 0.8206107020378113, 0.8864504098892212, 0.9179389476776123, 0.8826335668563843, 0.9141221642494202, 0.9293892979621887, 0.9236640930175781, 0.9904580116271973, 0.927480936050415, 0.9522900581359863]","[0.5398229956626892, 0.2743362784385681, 0.6902654767036438, 0.6548672318458557, 0.6814159154891968, 0.7168141603469849, 0.7345132827758789, 0.6460176706314087, 0.6991150379180908, 0.39823007583618164, 0.6725663542747498, 0.7079645991325378, 0.7345132827758789, 0.7345132827758789, 0.7168141603469849]","[433.149658203125, 120.26126861572266, 95.26143646240234, 30.156435012817383, 58.458621978759766, 35.51950454711914, 43.66241455078125, 14.864081382751465, 24.562753677368164, 19.23564910888672, 14.22353744506836, 12.123775482177734, 0.896062433719635, 14.77259349822998, 6.4544477462768555]","[161.484130859375, 270.754638671875, 87.58658599853516, 108.44874572753906, 71.64189147949219, 118.38423919677734, 90.79383850097656, 145.3859100341797, 86.26961517333984, 129.72067260742188, 87.33013153076172, 77.00056457519531, 71.24949645996094, 73.42083740234375, 98.2880630493164]",0.7535211443901062,71.41224670410156
"{'op': 'rmsprop', 'lo': 'sparse_categorical_crossentropy', 'nod': 1, 'nn': 512, 'dim': (299, 299)}","[0.43893128633499146, 0.5944656729698181, 0.6583969593048096, 0.7881679534912109, 0.857824444770813, 0.847328245639801, 0.857824444770813, 0.885496199131012, 0.8979007601737976, 0.9351145029067993, 0.9208015203475952, 0.9675572514533997, 0.9589694738388062, 1.0, 1.0]","[0.38053098320961, 0.4247787594795227, 0.36283186078071594, 0.6902654767036438, 0.2654867172241211, 0.5309734344482422, 0.6902654767036438, 0.6283186078071594, 0.6725663542747498, 0.4601770043373108, 0.6548672318458557, 0.6371681690216064, 0.6991150379180908, 0.6991150379180908, 0.6991150379180908]","[397.25164794921875, 57.37116622924805, 44.86705780029297, 31.136045455932617, 16.345544815063477, 19.578990936279297, 17.915695190429688, 12.816008567810059, 10.448338508605957, 7.66767692565918, 7.995788097381592, 4.957773208618164, 3.7696943283081055, 4.1517598248219656e-08, 3.708155560389059e-08]","[147.2588348388672, 96.20436096191406, 214.20668029785156, 38.61246109008789, 184.34768676757812, 62.53605651855469, 39.43024826049805, 36.42970657348633, 35.63798522949219, 124.84172821044922, 34.12744140625, 39.41693115234375, 36.9432373046875, 36.94319152832031, 36.941375732421875]",0.7394366264343262,20.6163272857666
"{'op': 'rmsprop', 'lo': 'sparse_categorical_crossentropy', 'nod': 2, 'nn': 256, 'dim': (299, 299)}","[0.48659002780914307, 0.6130267977714539, 0.7145593762397766, 0.7835249304771423, 0.8160919547080994, 0.8141762614250183, 0.8975095748901367, 0.8563218116760254, 0.8984674215316772, 0.9147509336471558, 0.9358237385749817, 0.9195402264595032, 0.9291187524795532, 0.9195402264595032, 0.9482758641242981]","[0.5044247508049011, 0.6902654767036438, 0.6725663542747498, 0.6725663542747498, 0.6725663542747498, 0.7433628439903259, 0.6725663542747498, 0.39823007583618164, 0.7345132827758789, 0.6902654767036438, 0.7079645991325378, 0.7168141603469849, 0.6991150379180908, 0.6991150379180908, 0.752212405204773]","[385.5199279785156, 97.9173355102539, 72.2391357421875, 49.71455383300781, 47.337154388427734, 41.91781234741211, 22.54644775390625, 27.874900817871094, 26.482791900634766, 20.01023292541504, 18.316612243652344, 25.686115264892578, 15.16405200958252, 16.61293601989746, 9.68967056274414]","[93.35308074951172, 61.56120300292969, 109.37411499023438, 263.9402770996094, 112.75762176513672, 56.778751373291016, 78.9150161743164, 342.4232482910156, 101.14347076416016, 77.08443450927734, 80.27339935302734, 80.92230987548828, 81.0450668334961, 90.99364471435547, 85.44316864013672]",0.7323943376541138,90.25531005859375
"{'op': 'rmsprop', 'lo': 'sparse_categorical_crossentropy', 'nod': 2, 'nn': 256, 'dim': (299, 299)}","[0.4482758641242981, 0.5938697457313538, 0.7356321811676025, 0.7605363726615906, 0.8247126340866089, 0.8371647596359253, 0.8362069129943848, 0.8783524632453918, 0.9195402264595032, 0.8975095748901367, 0.9243295192718506, 0.9319923520088196, 0.9875478744506836, 1.0, 1.0]","[0.6637167930603027, 0.5309734344482422, 0.6460176706314087, 0.7433628439903259, 0.6637167930603027, 0.7168141603469849, 0.5309734344482422, 0.752212405204773, 0.76106196641922, 0.7079645991325378, 0.7433628439903259, 0.752212405204773, 0.7433628439903259, 0.7433628439903259, 0.7433628439903259]","[411.8537292480469, 103.95712280273438, 51.770896911621094, 46.60013198852539, 35.00981903076172, 40.902286529541016, 32.2590446472168, 22.390840530395508, 12.651817321777344, 21.81882667541504, 18.974365234375, 12.155020713806152, 0.8148837685585022, 1.5744558368169237e-06, 1.7070205160507612e-07]","[65.51421356201172, 80.39712524414062, 42.42229080200195, 51.776458740234375, 117.59843444824219, 41.154884338378906, 136.20541381835938, 45.40473937988281, 45.49422836303711, 52.178314208984375, 44.02765655517578, 42.93684768676758, 45.134342193603516, 44.96067810058594, 44.77734375]",0.6760563254356384,59.35742950439453
"{'op': 'rmsprop', 'lo': 'sparse_categorical_crossentropy', 'nod': 2, 'nn': 256, 'dim': (299, 299)}","[0.4522900879383087, 0.6488549709320068, 0.6746183037757874, 0.8120229244232178, 0.8568702340126038, 0.8540076613426208, 0.8587786555290222, 0.8893129825592041, 0.9112595319747925, 0.875, 0.9389312863349915, 0.9017175436019897, 0.9284350872039795, 0.9980915784835815, 1.0]","[0.6548672318458557, 0.4601770043373108, 0.6460176706314087, 0.6902654767036438, 0.7345132827758789, 0.23893804848194122, 0.7079645991325378, 0.7433628439903259, 0.6637167930603027, 0.7256637215614319, 0.6991150379180908, 0.6902654767036438, 0.6725663542747498, 0.6991150379180908, 0.6991150379180908]","[402.5809631347656, 76.68756103515625, 77.70250701904297, 31.31226921081543, 26.326444625854492, 26.146717071533203, 22.413442611694336, 21.264141082763672, 18.791563034057617, 22.98520851135254, 6.183754920959473, 23.574369430541992, 15.362142562866211, 0.07760421931743622, 0.0]","[60.01539611816406, 168.1240692138672, 47.268287658691406, 47.3634147644043, 37.293548583984375, 250.06118774414062, 40.982337951660156, 46.784942626953125, 114.37055969238281, 71.20561981201172, 42.7061653137207, 55.932167053222656, 55.54230499267578, 47.42383575439453, 47.42383575439453]",0.7042253613471985,49.67054748535156
"{'op': 'rmsprop', 'lo': 'sparse_categorical_crossentropy', 'nod': 2, 'nn': 256, 'dim': (299, 299)}","[0.4341602921485901, 0.6860687136650085, 0.7032442688941956, 0.7232824563980103, 0.8683205842971802, 0.8311068415641785, 0.8797709941864014, 0.8616412281990051, 0.9179389476776123, 0.8826335668563843, 0.9169847369194031, 0.9694656729698181, 0.8807252049446106, 0.9704198241233826, 0.9618320465087891]","[0.6725663542747498, 0.48672565817832947, 0.39823007583618164, 0.6106194853782654, 0.39823007583618164, 0.6283186078071594, 0.6548672318458557, 0.7079645991325378, 0.5575221180915833, 0.6902654767036438, 0.48672565817832947, 0.5132743120193481, 0.6460176706314087, 0.6371681690216064, 0.17699114978313446]","[388.2980041503906, 65.7334213256836, 44.21330642700195, 52.42698287963867, 13.30913257598877, 29.050344467163086, 17.794557571411133, 22.270885467529297, 7.131233215332031, 26.900327682495117, 11.363229751586914, 3.1896510124206543, 23.096651077270508, 4.871646881103516, 6.612539768218994]","[162.78541564941406, 80.33810424804688, 82.9211654663086, 50.61920928955078, 75.28854370117188, 65.18099212646484, 62.542442321777344, 79.67552185058594, 203.21632385253906, 59.75717544555664, 71.86186981201172, 185.392822265625, 59.53940200805664, 52.65773391723633, 323.21197509765625]",0.6971830725669861,58.02031707763672
"{'op': 'rmsprop', 'lo': 'sparse_categorical_crossentropy', 'nod': 2, 'nn': 256, 'dim': (299, 299)}","[0.4312977194786072, 0.5639312863349915, 0.6832060813903809, 0.7309160232543945, 0.8339694738388062, 0.8778625726699829, 0.8263359069824219, 0.930343508720398, 0.8702290058135986, 0.9246183037757874, 0.9188931584358215, 1.0, 1.0, 1.0, 1.0]","[0.37168142199516296, 0.6460176706314087, 0.47787609696388245, 0.5840708017349243, 0.4247787594795227, 0.7256637215614319, 0.6637167930603027, 0.7433628439903259, 0.6902654767036438, 0.6637167930603027, 0.7433628439903259, 0.7433628439903259, 0.7433628439903259, 0.7433628439903259, 0.7433628439903259]","[412.1022033691406, 57.37302780151367, 36.05421829223633, 27.095125198364258, 11.471224784851074, 13.17393970489502, 22.4881591796875, 5.834289073944092, 15.613568305969238, 8.431093215942383, 9.3063383102417, 3.166990381942014e-06, 1.1860606718983036e-06, 3.366876910604333e-07, 2.3443041641257878e-07]","[81.97566223144531, 49.02936935424805, 79.90779876708984, 36.92466354370117, 91.22782135009766, 22.118431091308594, 46.35634231567383, 26.24109649658203, 26.46125030517578, 40.85709762573242, 28.525636672973633, 28.487092971801758, 28.3926944732666, 28.352447509765625, 28.396223068237305]",0.6901408433914185,31.623260498046875
"{'op': 'rmsprop', 'lo': 'sparse_categorical_crossentropy', 'nod': 2, 'nn': 512, 'dim': (299, 299)}","[0.4281609058380127, 0.6245210766792297, 0.6954023241996765, 0.7538314461708069, 0.8055555820465088, 0.8860152959823608, 0.8812260627746582, 0.9147509336471558, 0.9204980731010437, 0.8994252681732178, 0.9367815852165222, 0.931034505367279, 0.9281609058380127, 0.931034505367279, 0.954023003578186]","[0.39823007583618164, 0.5398229956626892, 0.6017699241638184, 0.5398229956626892, 0.6371681690216064, 0.6902654767036438, 0.7079645991325378, 0.7345132827758789, 0.6637167930603027, 0.6725663542747498, 0.5929203629493713, 0.7433628439903259, 0.7079645991325378, 0.6371681690216064, 0.752212405204773]","[563.780029296875, 94.9729232788086, 75.66153717041016, 62.454715728759766, 43.97541809082031, 26.127517700195312, 36.079986572265625, 21.65774917602539, 21.816661834716797, 30.24062728881836, 12.602293968200684, 17.789400100708008, 10.78370189666748, 14.615593910217285, 9.31547737121582]","[158.0189666748047, 63.22052001953125, 189.3334503173828, 90.15481567382812, 64.70470428466797, 48.344520568847656, 63.00746536254883, 56.16324234008789, 58.642601013183594, 63.030033111572266, 139.71255493164062, 60.9258918762207, 65.35413360595703, 128.30419921875, 54.1274299621582]",0.7183098793029785,78.36056518554688
"{'op': 'rmsprop', 'lo': 'sparse_categorical_crossentropy', 'nod': 2, 'nn': 512, 'dim': (299, 299)}","[0.4319923520088196, 0.6522988677024841, 0.6637930870056152, 0.795976996421814, 0.8639847040176392, 0.8620689511299133, 0.8074712753295898, 0.9003831148147583, 0.8534482717514038, 0.9099617004394531, 0.9291187524795532, 0.8783524632453918, 0.9281609058380127, 0.99042147397995, 1.0]","[0.29203540086746216, 0.6814159154891968, 0.5752212405204773, 0.7079645991325378, 0.7079645991325378, 0.4601770043373108, 0.76106196641922, 0.7433628439903259, 0.7256637215614319, 0.7345132827758789, 0.4690265357494354, 0.752212405204773, 0.6991150379180908, 0.7433628439903259, 0.7433628439903259]","[623.1624145507812, 131.63027954101562, 90.32626342773438, 56.666229248046875, 27.866662979125977, 49.65998077392578, 46.05785369873047, 18.75690460205078, 42.642478942871094, 14.559579849243164, 12.953426361083984, 16.55510139465332, 13.95640754699707, 0.5059455037117004, 7.764581866354092e-09]","[327.0531311035156, 117.23323059082031, 208.87554931640625, 55.28487014770508, 78.23137664794922, 137.79139709472656, 51.94603729248047, 54.798458099365234, 78.78239440917969, 56.84439468383789, 156.86976623535156, 48.878780364990234, 96.16397857666016, 47.05437469482422, 47.05356216430664]",0.7464788556098938,76.20256805419922
"{'op': 'rmsprop', 'lo': 'sparse_categorical_crossentropy', 'nod': 2, 'nn': 512, 'dim': (299, 299)}","[0.45038166642189026, 0.6020992398262024, 0.7041984796524048, 0.805343508720398, 0.8311068415641785, 0.8826335668563843, 0.8730915784835815, 0.8864504098892212, 0.9045801758766174, 0.885496199131012, 0.9017175436019897, 0.9541984796524048, 0.9351145029067993, 0.9360687136650085, 0.9332060813903809]","[0.3539822995662689, 0.6548672318458557, 0.5663716793060303, 0.6637167930603027, 0.6548672318458557, 0.6814159154891968, 0.5044247508049011, 0.5575221180915833, 0.38053098320961, 0.7345132827758789, 0.5132743120193481, 0.7079645991325378, 0.752212405204773, 0.6991150379180908, 0.5132743120193481]","[476.41802978515625, 123.20931243896484, 71.20159149169922, 40.80502700805664, 34.951839447021484, 21.383779525756836, 31.21283531188965, 19.750171661376953, 15.198118209838867, 32.4696044921875, 20.454322814941406, 5.220958232879639, 11.478508949279785, 12.454296112060547, 11.076045036315918]","[210.1964874267578, 69.62769317626953, 87.80109405517578, 67.96592712402344, 90.42996978759766, 223.6125030517578, 154.50685119628906, 147.08016967773438, 233.097412109375, 80.53406524658203, 164.8247833251953, 82.99740600585938, 95.88018035888672, 88.3922119140625, 242.39773559570312]",0.7394366264343262,96.412353515625
"{'op': 'rmsprop', 'lo': 'sparse_categorical_crossentropy', 'nod': 2, 'nn': 512, 'dim': (299, 299)}","[0.4608778655529022, 0.6593511700630188, 0.7080152630805969, 0.7719465494155884, 0.8244274854660034, 0.8683205842971802, 0.8349236845970154, 0.9417939186096191, 0.8893129825592041, 0.9169847369194031, 0.9341602921485901, 0.9875954389572144, 0.9398854970932007, 0.9236640930175781, 0.9360687136650085]","[0.4601770043373108, 0.6637167930603027, 0.4159291982650757, 0.6548672318458557, 0.6017699241638184, 0.6460176706314087, 0.7079645991325378, 0.7079645991325378, 0.44247788190841675, 0.5398229956626892, 0.6637167930603027, 0.7433628439903259, 0.6814159154891968, 0.7168141603469849, 0.7079645991325378]","[416.775390625, 73.28141021728516, 37.19749450683594, 32.0969123840332, 19.6376895904541, 13.738993644714355, 28.353153228759766, 4.792487144470215, 14.833602905273438, 9.297833442687988, 9.395471572875977, 0.5951519012451172, 12.643778800964355, 9.225651741027832, 11.540616035461426]","[108.39640045166016, 44.81012725830078, 149.0264434814453, 35.44801712036133, 56.70751953125, 37.29065704345703, 39.83224868774414, 45.74169921875, 149.97581481933594, 111.44346618652344, 68.67347717285156, 40.967830657958984, 60.185909271240234, 48.84834671020508, 47.662757873535156]",0.7464788556098938,44.53912353515625
"{'op': 'rmsprop', 'lo': 'sparse_categorical_crossentropy', 'nod': 2, 'nn': 512, 'dim': (299, 299)}","[0.45610687136650085, 0.6374045610427856, 0.7270992398262024, 0.7356870174407959, 0.875, 0.8597328066825867, 0.8568702340126038, 0.8797709941864014, 0.9055343270301819, 0.8950381875038147, 0.9389312863349915, 0.9141221642494202, 0.9456107020378113, 0.9914122223854065, 1.0]","[0.48672565817832947, 0.6106194853782654, 0.6194690465927124, 0.6725663542747498, 0.6902654767036438, 0.7256637215614319, 0.7433628439903259, 0.6548672318458557, 0.6725663542747498, 0.6902654767036438, 0.76106196641922, 0.4159291982650757, 0.7256637215614319, 0.76106196641922, 0.76106196641922]","[423.3628234863281, 104.79659271240234, 55.06483459472656, 72.87437438964844, 26.588932037353516, 31.013139724731445, 25.63191032409668, 18.620651245117188, 13.055888175964355, 17.782577514648438, 9.47459602355957, 20.131155014038086, 14.642669677734375, 0.38654613494873047, 1.342239741575213e-08]","[163.18995666503906, 90.89253997802734, 109.96810150146484, 54.716094970703125, 60.16065216064453, 57.45711898803711, 65.97847747802734, 105.28509521484375, 55.91615676879883, 68.60262298583984, 55.288204193115234, 175.0812530517578, 56.00175094604492, 52.3497314453125, 52.34831619262695]",0.7605633735656738,70.91069793701172
