"{'op': 'sgd', 'lo': 'sparse_categorical_crossentropy', 'nod': 1, 'nn': 256, 'dim': (224, 224)}","[0.45324426889419556, 0.4971373975276947, 0.5954198241233826, 0.6889312863349915, 0.7709923386573792, 0.580152690410614, 0.5038167834281921, 0.46469464898109436, 0.4580152630805969, 0.5190839767456055, 0.5706107020378113, 0.5715649127960205, 0.5925572514533997, 0.669847309589386, 0.7738549709320068]","[0.20353981852531433, 0.7345132827758789, 0.7345132827758789, 0.6902654767036438, 0.6371681690216064, 0.5663716793060303, 0.6548672318458557, 0.6194690465927124, 0.6194690465927124, 0.7876105904579163, 0.44247788190841675, 0.752212405204773, 0.7079645991325378, 0.778761088848114, 0.7345132827758789]","[12.738998413085938, 1.1038906574249268, 0.8847565650939941, 0.6614428758621216, 0.6106130480766296, 1.2050232887268066, 1.0212388038635254, 1.1977088451385498, 1.0653095245361328, 0.9730881452560425, 0.9577850699424744, 0.8062607645988464, 0.7246211767196655, 0.7699708938598633, 0.640505850315094]","[1.7620532512664795, 0.7034974694252014, 0.708964467048645, 0.7988555431365967, 1.0859766006469727, 1.2872618436813354, 0.7533197999000549, 0.7926369905471802, 0.8892082571983337, 0.6670143604278564, 1.173625111579895, 0.6964171528816223, 0.9318578243255615, 0.6480296850204468, 0.7586724758148193]",0.7746478915214539,0.6238275170326233
"{'op': 'sgd', 'lo': 'sparse_categorical_crossentropy', 'nod': 1, 'nn': 256, 'dim': (224, 224)}","[0.3524904251098633, 0.49425286054611206, 0.6379310488700867, 0.6388888955116272, 0.8955938816070557, 0.6446360349655151, 0.538314163684845, 0.6264367699623108, 0.6724137663841248, 0.790229856967926, 0.8017241358757019, 0.6388888955116272, 0.8764367699623108, 0.9521072506904602, 0.9808428883552551]","[0.38053098320961, 0.6460176706314087, 0.6814159154891968, 0.752212405204773, 0.7079645991325378, 0.6283186078071594, 0.6371681690216064, 0.7256637215614319, 0.6637167930603027, 0.7168141603469849, 0.752212405204773, 0.7079645991325378, 0.7345132827758789, 0.76106196641922, 0.752212405204773]","[12.765647888183594, 1.1947640180587769, 0.7785938382148743, 0.8766222596168518, 0.2939664125442505, 0.895573616027832, 0.9138011336326599, 0.8572375774383545, 0.8664243817329407, 0.6567813754081726, 0.6919786930084229, 0.9482650756835938, 0.37807995080947876, 0.13064613938331604, 0.055131372064352036]","[1.445176362991333, 0.9300405979156494, 0.7723373770713806, 0.6401597261428833, 1.6802767515182495, 0.8994856476783752, 1.0560904741287231, 0.7339524626731873, 0.6991342306137085, 1.360037922859192, 0.8852012157440186, 0.9742453694343567, 1.005013346672058, 1.3062907457351685, 1.3156808614730835]",0.7816901206970215,0.9068821668624878
"{'op': 'sgd', 'lo': 'sparse_categorical_crossentropy', 'nod': 1, 'nn': 256, 'dim': (224, 224)}","[0.40229883790016174, 0.5067049860954285, 0.5354406237602234, 0.568965494632721, 0.7183908224105835, 0.8390804529190063, 0.9262452125549316, 0.9731800556182861, 0.9885057210922241, 0.9894636273384094, 0.9952107071876526, 0.9952107071876526, 0.9952107071876526, 0.9952107071876526, 1.0]","[0.6991150379180908, 0.6460176706314087, 0.6991150379180908, 0.7345132827758789, 0.6283186078071594, 0.7256637215614319, 0.7168141603469849, 0.769911527633667, 0.6902654767036438, 0.76106196641922, 0.76106196641922, 0.76106196641922, 0.76106196641922, 0.76106196641922, 0.769911527633667]","[10.118484497070312, 1.0997470617294312, 0.9831913709640503, 0.9654925465583801, 0.6571121215820312, 0.43382206559181213, 0.1773979216814041, 0.08307059109210968, 0.04296151176095009, 0.027343377470970154, 0.015116360038518906, 0.012080038897693157, 0.010587294586002827, 0.009867796674370766, 0.003150979056954384]","[0.8158091306686401, 0.872005820274353, 0.685184121131897, 0.7069355249404907, 1.0053281784057617, 0.7682402729988098, 0.863757848739624, 0.7543380260467529, 1.0327602624893188, 0.7621179819107056, 0.7756780982017517, 0.769989550113678, 0.7750465869903564, 0.7904829382896423, 0.8034144043922424]",0.7605633735656738,0.8021630048751831
"{'op': 'sgd', 'lo': 'sparse_categorical_crossentropy', 'nod': 1, 'nn': 256, 'dim': (224, 224)}","[0.4112595319747925, 0.47900763154029846, 0.5372137427330017, 0.7461832165718079, 0.805343508720398, 0.652671754360199, 0.6202290058135986, 0.6860687136650085, 0.7528625726699829, 0.555343508720398, 0.5133587718009949, 0.5820610523223877, 0.5477099418640137, 0.5982824563980103, 0.6364504098892212]","[0.6991150379180908, 0.6637167930603027, 0.6637167930603027, 0.7079645991325378, 0.6637167930603027, 0.769911527633667, 0.7079645991325378, 0.6814159154891968, 0.6902654767036438, 0.7433628439903259, 0.7168141603469849, 0.752212405204773, 0.6637167930603027, 0.6017699241638184, 0.6814159154891968]","[12.681711196899414, 1.1502103805541992, 1.1192727088928223, 0.6904810070991516, 0.5340498089790344, 0.78426593542099, 0.8361440896987915, 0.7236565351486206, 0.5770218968391418, 1.5517725944519043, 0.973185122013092, 0.8324149250984192, 0.879538357257843, 0.8123911619186401, 0.7983871698379517]","[0.7568826675415039, 0.805275022983551, 0.7868283987045288, 0.7907914519309998, 0.9168926477432251, 0.601900577545166, 1.012263298034668, 1.073966145515442, 1.0860103368759155, 0.6881895661354065, 0.7776543498039246, 0.8484940528869629, 0.9472140669822693, 1.278051733970642, 0.7984877228736877]",0.7746478915214539,0.6430315971374512
"{'op': 'sgd', 'lo': 'sparse_categorical_crossentropy', 'nod': 1, 'nn': 256, 'dim': (224, 224)}","[0.3864503800868988, 0.49904578924179077, 0.6049618124961853, 0.5677480697631836, 0.6240457892417908, 0.5839694738388062, 0.6536259651184082, 0.6507633328437805, 0.5152671933174133, 0.6994274854660034, 0.7013359069824219, 0.7070610523223877, 0.6994274854660034, 0.7414122223854065, 0.7099236845970154]","[0.39823007583618164, 0.6991150379180908, 0.7256637215614319, 0.6902654767036438, 0.7079645991325378, 0.6902654767036438, 0.7433628439903259, 0.2300885021686554, 0.6283186078071594, 0.7168141603469849, 0.7345132827758789, 0.7256637215614319, 0.752212405204773, 0.7079645991325378, 0.7256637215614319]","[15.515984535217285, 1.0882257223129272, 1.0271804332733154, 0.9622576832771301, 0.8397002220153809, 0.880900502204895, 0.7906515598297119, 0.8092725276947021, 1.103365421295166, 0.739492654800415, 0.6854853630065918, 0.6468023657798767, 0.7223828434944153, 0.6200793385505676, 0.6275273561477661]","[1.1540312767028809, 0.6644378900527954, 0.7668148279190063, 0.7415305376052856, 0.8906828761100769, 0.7203842401504517, 0.7296059131622314, 1.4097188711166382, 0.870896577835083, 0.8562346696853638, 0.992243766784668, 1.0113155841827393, 0.8590012192726135, 0.6811145544052124, 1.013929009437561]",0.7676056623458862,0.6246046423912048
"{'op': 'sgd', 'lo': 'sparse_categorical_crossentropy', 'nod': 1, 'nn': 512, 'dim': (224, 224)}","[0.45785441994667053, 0.5862069129943848, 0.7413793206214905, 0.8496168851852417, 0.9645593762397766, 0.9961685538291931, 0.9971264600753784, 0.9990421533584595, 1.0, 1.0, 1.0, 1.0, 1.0, 1.0, 1.0]","[0.7079645991325378, 0.7168141603469849, 0.7079645991325378, 0.7079645991325378, 0.752212405204773, 0.7345132827758789, 0.769911527633667, 0.769911527633667, 0.778761088848114, 0.769911527633667, 0.769911527633667, 0.769911527633667, 0.769911527633667, 0.769911527633667, 0.769911527633667]","[12.699745178222656, 1.2657289505004883, 0.6770835518836975, 0.3949260115623474, 0.11651924252510071, 0.038757938891649246, 0.020234687253832817, 0.00913225207477808, 0.006002427078783512, 0.004520980175584555, 0.003490105038508773, 0.00288456492125988, 0.002427338156849146, 0.002127824816852808, 0.001898118993267417]","[0.656935453414917, 0.7830182909965515, 0.6539899706840515, 0.6862298846244812, 0.7977670431137085, 0.8053278923034668, 0.8610287308692932, 0.9024114608764648, 0.9643491506576538, 0.9694990515708923, 0.9885705709457397, 0.9855778813362122, 1.008975863456726, 1.01518714427948, 1.027530312538147]",0.7394366264343262,1.042573094367981
"{'op': 'sgd', 'lo': 'sparse_categorical_crossentropy', 'nod': 1, 'nn': 512, 'dim': (224, 224)}","[0.41091954708099365, 0.5038314461708069, 0.6379310488700867, 0.8074712753295898, 0.9367815852165222, 0.9818007946014404, 0.9961685538291931, 0.9990421533584595, 0.9990421533584595, 1.0, 1.0, 1.0, 1.0, 1.0, 1.0]","[0.6283186078071594, 0.5929203629493713, 0.6637167930603027, 0.778761088848114, 0.752212405204773, 0.7256637215614319, 0.7345132827758789, 0.76106196641922, 0.769911527633667, 0.76106196641922, 0.752212405204773, 0.752212405204773, 0.752212405204773, 0.752212405204773, 0.752212405204773]","[9.298826217651367, 1.1637612581253052, 0.8483962416648865, 0.5722565054893494, 0.18759329617023468, 0.06682851910591125, 0.02644730731844902, 0.013260078616440296, 0.007982661947607994, 0.005738495849072933, 0.004095285665243864, 0.003136995015665889, 0.0026346719823777676, 0.0022303748410195112, 0.001978479092940688]","[0.7863122820854187, 0.9044569134712219, 0.9818791151046753, 0.661748468875885, 0.6949077248573303, 0.7045456171035767, 0.6929541826248169, 0.7113369703292847, 0.7611631751060486, 0.776909351348877, 0.792616069316864, 0.7879115343093872, 0.7989969253540039, 0.8254953622817993, 0.8205082416534424]",0.7323943376541138,0.7194380760192871
"{'op': 'sgd', 'lo': 'sparse_categorical_crossentropy', 'nod': 1, 'nn': 512, 'dim': (224, 224)}","[0.3854961693286896, 0.5333969593048096, 0.5896946787834167, 0.5610687136650085, 0.7251908183097839, 0.8177480697631836, 0.8893129825592041, 0.8167939186096191, 0.8969465494155884, 0.9618320465087891, 0.9685114622116089, 0.9713740348815918, 0.9713740348815918, 0.9713740348815918, 0.9713740348815918]","[0.6902654767036438, 0.7345132827758789, 0.5398229956626892, 0.29203540086746216, 0.7168141603469849, 0.752212405204773, 0.769911527633667, 0.37168142199516296, 0.6991150379180908, 0.7964601516723633, 0.7964601516723633, 0.7964601516723633, 0.7876105904579163, 0.7964601516723633, 0.7964601516723633]","[12.894463539123535, 1.1055943965911865, 1.030887246131897, 0.9767246246337891, 0.7208691239356995, 0.5233383774757385, 0.4369565546512604, 0.47290942072868347, 0.23788614571094513, 0.0804896354675293, 0.05743244290351868, 0.05075959861278534, 0.04702144116163254, 0.04520340636372566, 0.04434926435351372]","[0.8379310965538025, 0.722078800201416, 0.8737998604774475, 1.1612695455551147, 0.7151172757148743, 0.7686200141906738, 0.8535008430480957, 1.1690348386764526, 0.9642013907432556, 0.8105947971343994, 0.835984468460083, 0.8767348527908325, 0.8993839621543884, 0.8999640941619873, 0.943437397480011]",0.7676056623458862,1.0021425485610962
"{'op': 'sgd', 'lo': 'sparse_categorical_crossentropy', 'nod': 1, 'nn': 512, 'dim': (224, 224)}","[0.40744274854660034, 0.6364504098892212, 0.6746183037757874, 0.8435114622116089, 0.9398854970932007, 0.9532442688941956, 0.9866412281990051, 0.9980915784835815, 0.9990457892417908, 0.9990457892417908, 0.9990457892417908, 0.9990457892417908, 1.0, 1.0, 1.0]","[0.6283186078071594, 0.6637167930603027, 0.6637167930603027, 0.7345132827758789, 0.6725663542747498, 0.7079645991325378, 0.778761088848114, 0.7876105904579163, 0.7964601516723633, 0.8053097128868103, 0.778761088848114, 0.778761088848114, 0.778761088848114, 0.7964601516723633, 0.7964601516723633]","[10.261890411376953, 0.8258286714553833, 0.8683825731277466, 0.48800188302993774, 0.2102380394935608, 0.16490526497364044, 0.04957258328795433, 0.016879852861166, 0.011596080847084522, 0.008559022098779678, 0.0060408348217606544, 0.0038460721261799335, 0.002576673636212945, 0.002254963619634509, 0.0018000841373577714]","[0.7954277396202087, 0.9097001552581787, 0.893900454044342, 0.7270315289497375, 1.0317981243133545, 1.02811598777771, 0.7319797277450562, 0.7839798331260681, 0.765378475189209, 0.7873796224594116, 0.7874102592468262, 0.7970325350761414, 0.8063496947288513, 0.8202612400054932, 0.8293477892875671]",0.7676056623458862,1.0046765804290771
"{'op': 'sgd', 'lo': 'sparse_categorical_crossentropy', 'nod': 1, 'nn': 512, 'dim': (224, 224)}","[0.3692747950553894, 0.5353053212165833, 0.5887404680252075, 0.7251908183097839, 0.7738549709320068, 0.892175555229187, 0.8616412281990051, 0.9217557311058044, 0.8330152630805969, 0.9780534505844116, 0.9961832165718079, 0.9980915784835815, 0.9980915784835815, 0.9980915784835815, 0.9980915784835815]","[0.4601770043373108, 0.6637167930603027, 0.6371681690216064, 0.5840708017349243, 0.7433628439903259, 0.7256637215614319, 0.752212405204773, 0.6371681690216064, 0.7079645991325378, 0.7256637215614319, 0.7256637215614319, 0.7256637215614319, 0.7168141603469849, 0.7079645991325378, 0.7168141603469849]","[12.761214256286621, 1.0354974269866943, 0.9161784648895264, 0.6802407503128052, 0.5364177823066711, 0.27516430616378784, 0.37662163376808167, 0.2295127660036087, 0.34873831272125244, 0.06594348698854446, 0.02185763791203499, 0.009219306521117687, 0.00703965499997139, 0.005811959505081177, 0.005209744907915592]","[1.1355935335159302, 0.9019114971160889, 0.8629740476608276, 0.9688299894332886, 0.9317771196365356, 1.355177402496338, 0.9921875, 1.2313175201416016, 1.326844573020935, 1.4081841707229614, 1.486930251121521, 1.557015061378479, 1.5955607891082764, 1.6166828870773315, 1.6490967273712158]",0.7464788556098938,0.8566083312034607
"{'op': 'sgd', 'lo': 'sparse_categorical_crossentropy', 'nod': 2, 'nn': 256, 'dim': (224, 224)}","[0.3726053535938263, 0.5737547874450684, 0.6197317838668823, 0.6580459475517273, 0.6714559197425842, 0.7001915574073792, 0.6724137663841248, 0.688697338104248, 0.6714559197425842, 0.6455938816070557, 0.6666666865348816, 0.7107279896736145, 0.7452107071876526, 0.751915693283081, 0.7155172228813171]","[0.6725663542747498, 0.6991150379180908, 0.7345132827758789, 0.6902654767036438, 0.6991150379180908, 0.21238937973976135, 0.6991150379180908, 0.32743361592292786, 0.7168141603469849, 0.20353981852531433, 0.6725663542747498, 0.7256637215614319, 0.7256637215614319, 0.22123894095420837, 0.7079645991325378]","[10.083226203918457, 0.989032506942749, 0.8980593681335449, 0.8296626806259155, 0.7951104044914246, 0.7218074798583984, 0.7525647282600403, 0.734363853931427, 0.7438604235649109, 0.7800186276435852, 0.7379103899002075, 0.6383923888206482, 0.6287484765052795, 0.6339278817176819, 0.6714662909507751]","[0.8579106330871582, 0.7323841452598572, 0.7499197125434875, 0.7280176877975464, 0.6958202719688416, 1.2551716566085815, 0.6926997900009155, 1.3714100122451782, 0.867713451385498, 1.8188283443450928, 0.730590283870697, 0.811371922492981, 0.8370733261108398, 1.9673413038253784, 1.0740716457366943]",0.7253521084785461,0.713753342628479
"{'op': 'sgd', 'lo': 'sparse_categorical_crossentropy', 'nod': 2, 'nn': 256, 'dim': (224, 224)}","[0.32279694080352783, 0.4329501986503601, 0.3323754668235779, 0.31609195470809937, 0.5632184147834778, 0.5134099721908569, 0.507662832736969, 0.5296934843063354, 0.6369732022285461, 0.7068965435028076, 0.6484674215316772, 0.767241358757019, 0.688697338104248, 0.5660919547080994, 0.6082375645637512]","[0.5752212405204773, 0.6460176706314087, 0.06194690242409706, 0.4247787594795227, 0.7256637215614319, 0.5752212405204773, 0.5840708017349243, 0.6902654767036438, 0.769911527633667, 0.21238937973976135, 0.7345132827758789, 0.6106194853782654, 0.6637167930603027, 0.6283186078071594, 0.4336283206939697]","[11.503484725952148, 1.227005958557129, 1.3356667757034302, 1.337624192237854, 1.0496817827224731, 1.0404200553894043, 1.0261058807373047, 1.0116217136383057, 0.8859861493110657, 0.8181288838386536, 0.8429841995239258, 0.6459424495697021, 0.7648587822914124, 0.945631742477417, 0.8694811463356018]","[0.7803530693054199, 0.8870249390602112, 1.4135302305221558, 1.0415778160095215, 0.6593444347381592, 0.7269949316978455, 0.7431455850601196, 0.6966536045074463, 0.6632177233695984, 1.3775551319122314, 0.7389199137687683, 1.530831217765808, 0.9593564867973328, 0.7896300554275513, 0.9944135546684265]",0.7323943376541138,0.6756913065910339
"{'op': 'sgd', 'lo': 'sparse_categorical_crossentropy', 'nod': 2, 'nn': 256, 'dim': (224, 224)}","[0.2919847369194031, 0.3854961693286896, 0.5066794157028198, 0.5639312863349915, 0.5515267252922058, 0.6230915784835815, 0.6498091816902161, 0.7566794157028198, 0.6164122223854065, 0.5200381875038147, 0.5591602921485901, 0.4885496199131012, 0.4828244149684906, 0.4856870174407959, 0.5219465494155884]","[0.22123894095420837, 0.48672565817832947, 0.6460176706314087, 0.6371681690216064, 0.6017699241638184, 0.6548672318458557, 0.7345132827758789, 0.7168141603469849, 0.5486725568771362, 0.5929203629493713, 0.389380544424057, 0.6194690465927124, 0.6106194853782654, 0.5309734344482422, 0.5752212405204773]","[8.904581069946289, 1.3584545850753784, 1.0443825721740723, 0.9691488742828369, 0.8985136151313782, 0.7621251940727234, 0.676207423210144, 0.6494461894035339, 0.8400946259498596, 0.956317126750946, 0.8818956017494202, 1.1683611869812012, 0.9102160930633545, 0.8978639245033264, 0.8382657170295715]","[1.3596627712249756, 1.2229329347610474, 0.755537211894989, 0.7761582136154175, 0.7693436145782471, 0.8277845978736877, 0.7932488918304443, 0.9178334474563599, 0.8929709792137146, 1.0965007543563843, 4.295143127441406, 0.7831365466117859, 0.8400858640670776, 1.1885883808135986, 1.1333537101745605]",0.7957746386528015,0.6429525017738342
"{'op': 'sgd', 'lo': 'sparse_categorical_crossentropy', 'nod': 2, 'nn': 256, 'dim': (224, 224)}","[0.3187022805213928, 0.40744274854660034, 0.43320611119270325, 0.472328245639801, 0.48091602325439453, 0.4856870174407959, 0.5229007601737976, 0.5677480697631836, 0.6965649127960205, 0.5830152630805969, 0.7022900581359863, 0.8043892979621887, 0.5925572514533997, 0.5954198241233826, 0.5190839767456055]","[0.4690265357494354, 0.6283186078071594, 0.6460176706314087, 0.6814159154891968, 0.39823007583618164, 0.7345132827758789, 0.7433628439903259, 0.6637167930603027, 0.5840708017349243, 0.6902654767036438, 0.7168141603469849, 0.752212405204773, 0.5840708017349243, 0.76106196641922, 0.5929203629493713]","[8.390276908874512, 1.1912013292312622, 1.1335139274597168, 1.035355567932129, 1.0563822984695435, 1.0221669673919678, 0.9383051991462708, 0.9235851764678955, 0.8138452172279358, 1.0359017848968506, 0.8242834210395813, 0.6218504905700684, 0.9927325248718262, 0.8889670968055725, 0.9875163435935974]","[1.2773085832595825, 0.839298665523529, 0.7712305784225464, 1.2277132272720337, 1.131877064704895, 0.6851344108581543, 0.6881964206695557, 0.7124620676040649, 1.1669872999191284, 0.8937256336212158, 0.6697960495948792, 0.7941661477088928, 0.7041211128234863, 0.6021642088890076, 0.7822510004043579]",0.7535211443901062,0.6253775358200073
"{'op': 'sgd', 'lo': 'sparse_categorical_crossentropy', 'nod': 2, 'nn': 256, 'dim': (224, 224)}","[0.3148854970932007, 0.30534350872039795, 0.3129771053791046, 0.3148854970932007, 0.3263358771800995, 0.35687023401260376, 0.38454198837280273, 0.3893129825592041, 0.3854961693286896, 0.38454198837280273, 0.38740459084510803, 0.38740459084510803, 0.38740459084510803, 0.3864503800868988, 0.37977099418640137]","[0.16814158856868744, 0.18584071099758148, 0.18584071099758148, 0.18584071099758148, 0.17699114978313446, 0.1592920422554016, 0.16814158856868744, 0.1504424810409546, 0.16814158856868744, 0.1592920422554016, 0.16814158856868744, 0.1592920422554016, 0.1592920422554016, 0.16814158856868744, 0.1592920422554016]","[12.70151424407959, 1.3279532194137573, 1.2976633310317993, 1.2941405773162842, 1.296440601348877, 1.2359411716461182, 1.1897646188735962, 1.1837068796157837, 1.1812689304351807, 1.1801774501800537, 1.1768134832382202, 1.1752054691314697, 1.1736814975738525, 1.1725319623947144, 1.171579122543335]","[1.3908555507659912, 1.3713687658309937, 1.3673406839370728, 1.3624225854873657, 1.3642560243606567, 1.377081036567688, 1.3549937009811401, 1.3693698644638062, 1.3613545894622803, 1.3514615297317505, 1.339287281036377, 1.3417891263961792, 1.346465826034546, 1.3258161544799805, 1.3310335874557495]",0.14084507524967194,1.4221450090408325
"{'op': 'sgd', 'lo': 'sparse_categorical_crossentropy', 'nod': 2, 'nn': 512, 'dim': (224, 224)}","[0.3524904251098633, 0.5909961462020874, 0.6264367699623108, 0.5881226062774658, 0.6772030591964722, 0.7365900278091431, 0.7940613031387329, 0.7624521255493164, 0.8295019268989563, 0.9233716726303101, 0.9798850417137146, 0.9875478744506836, 0.9885057210922241, 0.9971264600753784, 1.0]","[0.5221238732337952, 0.6991150379180908, 0.389380544424057, 0.6991150379180908, 0.76106196641922, 0.7256637215614319, 0.6371681690216064, 0.7433628439903259, 0.7433628439903259, 0.76106196641922, 0.76106196641922, 0.752212405204773, 0.7876105904579163, 0.778761088848114, 0.76106196641922]","[7.971590995788574, 1.0177485942840576, 1.0272480249404907, 1.0002105236053467, 0.7984219193458557, 0.6680169701576233, 0.5910373330116272, 0.5519527196884155, 0.5130593180656433, 0.19672907888889313, 0.05349654331803322, 0.026350250467658043, 0.019057288765907288, 0.011909695342183113, 0.0062150415033102036]","[1.1655640602111816, 0.8249632716178894, 1.1637096405029297, 0.6944559812545776, 0.6062361598014832, 0.6820908784866333, 0.8607924580574036, 0.755752682685852, 0.6425605416297913, 0.8006691932678223, 1.0130808353424072, 1.000144362449646, 1.0320793390274048, 1.0180234909057617, 1.078896403312683]",0.7816901206970215,1.0002530813217163
"{'op': 'sgd', 'lo': 'sparse_categorical_crossentropy', 'nod': 2, 'nn': 512, 'dim': (224, 224)}","[0.35536399483680725, 0.43773946166038513, 0.5747126340866089, 0.6752873659133911, 0.7605363726615906, 0.6724137663841248, 0.7078543901443481, 0.6408045887947083, 0.6417624354362488, 0.6293103694915771, 0.6733716726303101, 0.8141762614250183, 0.9195402264595032, 0.961685836315155, 0.9703065156936646]","[0.20353981852531433, 0.5840708017349243, 0.6548672318458557, 0.752212405204773, 0.5663716793060303, 0.7345132827758789, 0.76106196641922, 0.6460176706314087, 0.5575221180915833, 0.752212405204773, 0.5309734344482422, 0.6725663542747498, 0.752212405204773, 0.7256637215614319, 0.769911527633667]","[9.024580001831055, 1.2012425661087036, 0.9427801370620728, 0.7887402176856995, 0.6131137013435364, 0.8400055766105652, 0.7441456317901611, 0.860177218914032, 0.81761234998703, 0.809386670589447, 0.7361459732055664, 0.48019951581954956, 0.21626746654510498, 0.12317575514316559, 0.08786676824092865]","[5.6155314445495605, 0.9781835675239563, 0.6881409287452698, 0.6395698189735413, 1.30906343460083, 0.6124475002288818, 0.6296024322509766, 0.7662245631217957, 0.8274949193000793, 0.728402316570282, 0.9389664530754089, 0.9791228175163269, 0.9345153570175171, 1.0716619491577148, 0.8670768141746521]",0.7535211443901062,0.9348123073577881
"{'op': 'sgd', 'lo': 'sparse_categorical_crossentropy', 'nod': 2, 'nn': 512, 'dim': (224, 224)}","[0.36736640334129333, 0.46183204650878906, 0.5391221642494202, 0.6183205842971802, 0.6908397078514099, 0.6736640930175781, 0.7347328066825867, 0.7795801758766174, 0.7881679534912109, 0.9284350872039795, 0.9704198241233826, 0.9847328066825867, 0.9942747950553894, 0.9942747950553894, 0.9952290058135986]","[0.6194690465927124, 0.6283186078071594, 0.7168141603469849, 0.6637167930603027, 0.6106194853782654, 0.7079645991325378, 0.7079645991325378, 0.7168141603469849, 0.8141592741012573, 0.769911527633667, 0.752212405204773, 0.7256637215614319, 0.778761088848114, 0.752212405204773, 0.752212405204773]","[8.482759475708008, 1.1892287731170654, 1.1161367893218994, 0.9357271194458008, 0.912895679473877, 0.9178476929664612, 0.7233594059944153, 0.6316218376159668, 0.5745958685874939, 0.4039304256439209, 0.29987412691116333, 0.25520798563957214, 0.21319618821144104, 0.19281016290187836, 0.17671948671340942]","[0.9281889796257019, 0.9692257642745972, 0.7075204849243164, 0.7828704118728638, 1.1711283922195435, 0.6653273701667786, 0.7936194539070129, 0.9291751384735107, 0.7381594777107239, 0.8264267444610596, 0.846992552280426, 0.967701256275177, 0.9585676789283752, 1.055368423461914, 1.0361799001693726]",0.7042253613471985,0.8932827711105347
"{'op': 'sgd', 'lo': 'sparse_categorical_crossentropy', 'nod': 2, 'nn': 512, 'dim': (224, 224)}","[0.28530535101890564, 0.4379771053791046, 0.4437022805213928, 0.5734732747077942, 0.6364504098892212, 0.6984732747077942, 0.7003816962242126, 0.6841602921485901, 0.697519063949585, 0.7624045610427856, 0.6917939186096191, 0.7433205842971802, 0.7471374273300171, 0.7519084215164185, 0.7585877776145935]","[0.4955752193927765, 0.5309734344482422, 0.6017699241638184, 0.6814159154891968, 0.4247787594795227, 0.6991150379180908, 0.6902654767036438, 0.7079645991325378, 0.6194690465927124, 0.6902654767036438, 0.7168141603469849, 0.7433628439903259, 0.6902654767036438, 0.7433628439903259, 0.7433628439903259]","[11.173760414123535, 1.2656667232513428, 1.286455750465393, 1.0046229362487793, 0.9048382043838501, 0.8224080801010132, 0.7496100068092346, 0.7587917447090149, 0.708266019821167, 0.6729881167411804, 0.7209530472755432, 0.6236881613731384, 0.6202942132949829, 0.6510209441184998, 0.5686858892440796]","[1.3762587308883667, 1.362489938735962, 1.3301564455032349, 1.3042757511138916, 1.7322064638137817, 1.1771044731140137, 1.152158498764038, 1.1063563823699951, 1.1725952625274658, 1.2722492218017578, 1.2110213041305542, 1.0777180194854736, 1.309279441833496, 1.0136371850967407, 1.0815881490707397]",0.7323943376541138,1.1425801515579224
"{'op': 'sgd', 'lo': 'sparse_categorical_crossentropy', 'nod': 2, 'nn': 512, 'dim': (224, 224)}","[0.37881678342819214, 0.48377862572669983, 0.5324427485466003, 0.6001908183097839, 0.5935114622116089, 0.555343508720398, 0.6612595319747925, 0.7404580116271973, 0.8320610523223877, 0.8568702340126038, 0.7900763154029846, 0.569656491279602, 0.625, 0.552480936050415, 0.635496199131012]","[0.6017699241638184, 0.7079645991325378, 0.6637167930603027, 0.6460176706314087, 0.6194690465927124, 0.5752212405204773, 0.752212405204773, 0.6283186078071594, 0.778761088848114, 0.7345132827758789, 0.6548672318458557, 0.6194690465927124, 0.5929203629493713, 0.6283186078071594, 0.6725663542747498]","[11.099647521972656, 1.1067659854888916, 1.0667595863342285, 1.0067732334136963, 0.9030318856239319, 0.9606496691703796, 0.851717472076416, 0.7392495274543762, 0.5602992177009583, 0.4585336446762085, 0.6222187876701355, 0.9162293672561646, 0.8165394067764282, 0.8999008536338806, 0.8275335431098938]","[0.8523703217506409, 0.7137434482574463, 0.8329264521598816, 0.7385995984077454, 0.7768698334693909, 1.0135821104049683, 0.9421427249908447, 0.8842611312866211, 1.1346395015716553, 0.8835775256156921, 0.8715013265609741, 0.8886990547180176, 0.8785513043403625, 1.0149455070495605, 0.9205016493797302]",0.7394366264343262,1.131299376487732
"{'op': 'adam', 'lo': 'sparse_categorical_crossentropy', 'nod': 1, 'nn': 256, 'dim': (224, 224)}","[0.7213740348815918, 0.955152690410614, 0.9904580116271973, 0.9933205842971802, 0.9980915784835815, 1.0, 1.0, 1.0, 1.0, 1.0, 1.0, 1.0, 1.0, 1.0, 1.0]","[0.6106194853782654, 0.7079645991325378, 0.7168141603469849, 0.7345132827758789, 0.7079645991325378, 0.6991150379180908, 0.6991150379180908, 0.6991150379180908, 0.6991150379180908, 0.6991150379180908, 0.6991150379180908, 0.6991150379180908, 0.6991150379180908, 0.6991150379180908, 0.6991150379180908]","[9.344545364379883, 0.6979447603225708, 0.1902489811182022, 0.05751322954893112, 0.027035437524318695, 5.461783075588755e-06, 6.733910140610533e-08, 6.642911642984473e-08, 6.517790041016269e-08, 6.404042096619378e-08, 6.278920494651175e-08, 6.176546918368331e-08, 6.040050237743344e-08, 5.9263022933464526e-08, 5.812554348949561e-08]","[12.265243530273438, 10.249250411987305, 12.819658279418945, 12.595385551452637, 12.33588695526123, 12.32491683959961, 12.324767112731934, 12.324769020080566, 12.324785232543945, 12.324775695800781, 12.324783325195312, 12.324771881103516, 12.324763298034668, 12.32474422454834, 12.32475471496582]",0.7535211443901062,8.073481559753418
"{'op': 'adam', 'lo': 'sparse_categorical_crossentropy', 'nod': 1, 'nn': 256, 'dim': (224, 224)}","[0.7175572514533997, 0.9818702340126038, 0.9990457892417908, 1.0, 1.0, 1.0, 1.0, 1.0, 1.0, 1.0, 1.0, 1.0, 1.0, 1.0, 1.0]","[0.7345132827758789, 0.7433628439903259, 0.76106196641922, 0.76106196641922, 0.76106196641922, 0.76106196641922, 0.76106196641922, 0.76106196641922, 0.76106196641922, 0.76106196641922, 0.76106196641922, 0.76106196641922, 0.76106196641922, 0.76106196641922, 0.769911527633667]","[9.892066955566406, 0.0972886011004448, 0.004037588834762573, 0.00020670151570811868, 7.768182695144787e-05, 6.20272257947363e-05, 5.058501847088337e-05, 4.428848114912398e-05, 3.833967275568284e-05, 3.43710053130053e-05, 3.110399120487273e-05, 2.833153303072322e-05, 2.6003212042269297e-05, 2.3995700757950544e-05, 2.236522595921997e-05]","[3.1607398986816406, 2.519033432006836, 2.5813770294189453, 2.5646586418151855, 2.5508885383605957, 2.5355608463287354, 2.529703140258789, 2.530627965927124, 2.5244691371917725, 2.522167205810547, 2.518106698989868, 2.5188229084014893, 2.517927646636963, 2.5178849697113037, 2.5122945308685303]",0.7535211443901062,2.327073812484741
"{'op': 'adam', 'lo': 'sparse_categorical_crossentropy', 'nod': 1, 'nn': 256, 'dim': (224, 224)}","[0.7204198241233826, 0.9704198241233826, 0.9933205842971802, 0.9990457892417908, 1.0, 1.0, 1.0, 1.0, 1.0, 1.0, 1.0, 1.0, 1.0, 1.0, 1.0]","[0.7079645991325378, 0.769911527633667, 0.7876105904579163, 0.769911527633667, 0.769911527633667, 0.769911527633667, 0.769911527633667, 0.769911527633667, 0.769911527633667, 0.769911527633667, 0.769911527633667, 0.769911527633667, 0.769911527633667, 0.769911527633667, 0.769911527633667]","[8.543352127075195, 0.26560312509536743, 0.05664979666471481, 0.001653642626479268, 0.0002397296775598079, 1.742180415931216e-06, 1.6110849401229643e-06, 1.475437102271826e-06, 1.3298889598445385e-06, 1.2132189795011072e-06, 1.1138301942992257e-06, 1.0526471214689082e-06, 9.541636245558038e-07, 8.979828862720751e-07, 8.391850201405759e-07]","[5.7444167137146, 4.071549892425537, 4.42175817489624, 4.068023204803467, 4.215051174163818, 4.214498519897461, 4.215550422668457, 4.216775417327881, 4.217010974884033, 4.218666076660156, 4.22011137008667, 4.2205491065979, 4.220724105834961, 4.2222771644592285, 4.222552299499512]",0.7887324094772339,4.1739630699157715
"{'op': 'adam', 'lo': 'sparse_categorical_crossentropy', 'nod': 1, 'nn': 256, 'dim': (224, 224)}","[0.6561302542686462, 0.969348669052124, 0.9875478744506836, 1.0, 1.0, 1.0, 1.0, 1.0, 1.0, 1.0, 1.0, 1.0, 1.0, 1.0, 1.0]","[0.76106196641922, 0.6991150379180908, 0.752212405204773, 0.76106196641922, 0.752212405204773, 0.7433628439903259, 0.7433628439903259, 0.7433628439903259, 0.7433628439903259, 0.7433628439903259, 0.7433628439903259, 0.7433628439903259, 0.7433628439903259, 0.7433628439903259, 0.7433628439903259]","[13.696568489074707, 0.1874379962682724, 0.0529988631606102, 0.0018944564508274198, 0.0007588429725728929, 5.63366265851073e-05, 3.9167651266325265e-05, 3.044543154828716e-05, 2.528085678932257e-05, 2.182970456487965e-05, 1.954991603270173e-05, 1.7737307643983513e-05, 1.641107337491121e-05, 1.527819040347822e-05, 1.4356313840835355e-05]","[3.123554229736328, 2.9669249057769775, 2.727642297744751, 2.742238759994507, 2.840444803237915, 2.8493824005126953, 2.847632646560669, 2.8467373847961426, 2.845780849456787, 2.8456950187683105, 2.8458571434020996, 2.8460421562194824, 2.8463170528411865, 2.8466618061065674, 2.846869468688965]",0.7535211443901062,2.243619680404663
"{'op': 'adam', 'lo': 'sparse_categorical_crossentropy', 'nod': 1, 'nn': 256, 'dim': (224, 224)}","[0.6245210766792297, 0.969348669052124, 0.9990421533584595, 1.0, 1.0, 1.0, 1.0, 1.0, 1.0, 1.0, 1.0, 1.0, 1.0, 1.0, 1.0]","[0.7345132827758789, 0.7256637215614319, 0.7168141603469849, 0.7256637215614319, 0.7256637215614319, 0.7256637215614319, 0.7168141603469849, 0.7256637215614319, 0.7168141603469849, 0.7168141603469849, 0.7168141603469849, 0.7168141603469849, 0.7168141603469849, 0.7168141603469849, 0.7168141603469849]","[17.445085525512695, 0.12400779873132706, 0.00940727349370718, 0.002437448827549815, 0.0016764056636020541, 0.0012804381549358368, 0.0010519935749471188, 0.0008938633254729211, 0.0007614046917296946, 0.0006628942210227251, 0.0005807038396596909, 0.0005205268389545381, 0.00046917618601582944, 0.0004230159684084356, 0.0003854082024190575]","[2.071418046951294, 2.250553607940674, 2.179018974304199, 2.166586399078369, 2.1677918434143066, 2.173258066177368, 2.1771233081817627, 2.1723735332489014, 2.176579475402832, 2.1770541667938232, 2.1784751415252686, 2.1817739009857178, 2.1824915409088135, 2.183492660522461, 2.1861798763275146]",0.7323943376541138,1.6658560037612915
"{'op': 'adam', 'lo': 'sparse_categorical_crossentropy', 'nod': 1, 'nn': 512, 'dim': (224, 224)}","[0.6580459475517273, 0.9511494040489197, 0.9913793206214905, 0.9952107071876526, 0.998084306716919, 0.9990421533584595, 1.0, 1.0, 1.0, 1.0, 1.0, 1.0, 1.0, 1.0, 1.0]","[0.7876105904579163, 0.8230088353157043, 0.769911527633667, 0.7876105904579163, 0.8053097128868103, 0.7964601516723633, 0.7964601516723633, 0.7964601516723633, 0.7964601516723633, 0.7964601516723633, 0.7964601516723633, 0.7964601516723633, 0.7964601516723633, 0.7964601516723633, 0.7964601516723633]","[18.374948501586914, 0.6029527187347412, 0.061959490180015564, 0.021851053461432457, 0.0035323614720255136, 0.005716776009649038, 1.2149819667683914e-05, 5.115669864608208e-06, 4.103709670744138e-06, 3.3318485748168314e-06, 2.868091542040929e-06, 2.5016797735588625e-06, 2.1814855699631153e-06, 1.976909061340848e-06, 1.7743941498338245e-06]","[5.764900207519531, 3.7467074394226074, 4.001220226287842, 3.8284571170806885, 4.300128936767578, 4.739989280700684, 4.672631740570068, 4.6618146896362305, 4.652319431304932, 4.645826816558838, 4.639063358306885, 4.633240222930908, 4.629106521606445, 4.623251914978027, 4.619292736053467]",0.7042253613471985,6.188320636749268
"{'op': 'adam', 'lo': 'sparse_categorical_crossentropy', 'nod': 1, 'nn': 512, 'dim': (224, 224)}","[0.6973180174827576, 0.9779693484306335, 0.9990421533584595, 1.0, 1.0, 1.0, 1.0, 1.0, 1.0, 1.0, 1.0, 1.0, 1.0, 1.0, 1.0]","[0.8141592741012573, 0.7964601516723633, 0.7964601516723633, 0.8053097128868103, 0.7964601516723633, 0.7876105904579163, 0.7964601516723633, 0.8053097128868103, 0.8053097128868103, 0.8053097128868103, 0.8053097128868103, 0.8053097128868103, 0.8053097128868103, 0.8053097128868103, 0.8053097128868103]","[10.870038032531738, 0.09868481010198593, 0.007963576354086399, 0.000817466585431248, 0.0002049389440799132, 3.493420808808878e-05, 2.8459617169573903e-05, 2.5560608264640905e-05, 2.3041877284413204e-05, 2.1362451661843807e-05, 1.9976017938461155e-05, 1.8802218619384803e-05, 1.7736758309183642e-05, 1.680768582446035e-05, 1.5988396626198664e-05]","[1.7517781257629395, 1.6909358501434326, 2.2088730335235596, 1.802367091178894, 1.8000054359436035, 1.7956936359405518, 1.796493649482727, 1.7946674823760986, 1.7977006435394287, 1.7974581718444824, 1.798395037651062, 1.7988253831863403, 1.8003755807876587, 1.801453948020935, 1.802323579788208]",0.6971830725669861,2.6526434421539307
"{'op': 'adam', 'lo': 'sparse_categorical_crossentropy', 'nod': 1, 'nn': 512, 'dim': (224, 224)}","[0.7022900581359863, 0.9646946787834167, 0.9971374273300171, 1.0, 1.0, 1.0, 1.0, 1.0, 1.0, 1.0, 1.0, 1.0, 1.0, 1.0, 1.0]","[0.769911527633667, 0.7345132827758789, 0.752212405204773, 0.769911527633667, 0.769911527633667, 0.7345132827758789, 0.7345132827758789, 0.7345132827758789, 0.7345132827758789, 0.7345132827758789, 0.7345132827758789, 0.7345132827758789, 0.7345132827758789, 0.7345132827758789, 0.7345132827758789]","[15.76722240447998, 0.20210586488246918, 0.004299531225115061, 0.0003813911462202668, 7.409269892377779e-05, 5.5469303333666176e-05, 4.623560744221322e-05, 4.02949153794907e-05, 3.590425694710575e-05, 3.197455225745216e-05, 2.8963318982277997e-05, 2.6413772502564825e-05, 2.4243541702162474e-05, 2.2592601453652605e-05, 2.073455834761262e-05]","[2.830643892288208, 2.2996394634246826, 2.7576823234558105, 2.825248956680298, 2.7790656089782715, 2.7607014179229736, 2.75036883354187, 2.740586042404175, 2.7364754676818848, 2.730319023132324, 2.726058006286621, 2.722947120666504, 2.7192928791046143, 2.717967987060547, 2.7137370109558105]",0.6830986142158508,3.965860605239868
"{'op': 'adam', 'lo': 'sparse_categorical_crossentropy', 'nod': 1, 'nn': 512, 'dim': (224, 224)}","[0.7080152630805969, 0.9646946787834167, 0.9799618124961853, 0.9933205842971802, 0.9990457892417908, 0.9990457892417908, 0.9990457892417908, 1.0, 1.0, 1.0, 1.0, 1.0, 1.0, 1.0, 1.0]","[0.7345132827758789, 0.6902654767036438, 0.752212405204773, 0.752212405204773, 0.76106196641922, 0.7256637215614319, 0.7168141603469849, 0.7345132827758789, 0.7345132827758789, 0.7345132827758789, 0.7345132827758789, 0.7345132827758789, 0.7345132827758789, 0.7345132827758789, 0.7345132827758789]","[14.59728717803955, 0.2752518951892853, 0.1672733873128891, 0.026825090870261192, 0.004891914315521717, 0.004912648815661669, 0.0009586127707734704, 2.236283478396217e-07, 1.8358997522227583e-07, 1.8108751476120233e-07, 1.7881261271668336e-07, 1.7699267118587159e-07, 1.7437649546536704e-07, 1.7176033395571721e-07, 1.6971287664091506e-07]","[6.444951057434082, 8.390251159667969, 4.635008811950684, 5.18809175491333, 5.4691338539123535, 5.076179504394531, 5.126676082611084, 5.18609619140625, 5.193896293640137, 5.194347381591797, 5.194528579711914, 5.194685459136963, 5.194915294647217, 5.195110321044922, 5.195255279541016]",0.7183098793029785,6.8899431228637695
"{'op': 'adam', 'lo': 'sparse_categorical_crossentropy', 'nod': 1, 'nn': 512, 'dim': (224, 224)}","[0.6727099418640137, 0.9809160232543945, 0.9990457892417908, 0.9980915784835815, 0.9952290058135986, 0.9923664331436157, 0.9933205842971802, 0.9952290058135986, 1.0, 1.0, 1.0, 1.0, 1.0, 1.0, 1.0]","[0.7079645991325378, 0.7256637215614319, 0.752212405204773, 0.7345132827758789, 0.7433628439903259, 0.778761088848114, 0.752212405204773, 0.76106196641922, 0.752212405204773, 0.752212405204773, 0.752212405204773, 0.7433628439903259, 0.7433628439903259, 0.7433628439903259, 0.7433628439903259]","[18.133041381835938, 0.13823406398296356, 0.004888948053121567, 0.003195566590875387, 0.02461078017950058, 0.031433288007974625, 0.017018884420394897, 0.02245721034705639, 4.0336206438951194e-05, 4.137774794799043e-06, 2.7910944027098594e-06, 2.3779784896760248e-06, 2.110453806380974e-06, 1.9135623006150126e-06, 1.7478366771683795e-06]","[5.371341228485107, 3.1217257976531982, 3.199613571166992, 3.397080421447754, 3.822387218475342, 3.437319040298462, 4.4965410232543945, 4.125196933746338, 4.056790828704834, 4.075913906097412, 4.078304767608643, 4.078976631164551, 4.079556941986084, 4.079282283782959, 4.078951358795166]",0.7253521084785461,5.080770492553711
"{'op': 'adam', 'lo': 'sparse_categorical_crossentropy', 'nod': 2, 'nn': 256, 'dim': (224, 224)}","[0.5982824563980103, 0.9637404680252075, 0.9952290058135986, 1.0, 1.0, 1.0, 1.0, 1.0, 1.0, 1.0, 1.0, 1.0, 1.0, 1.0, 1.0]","[0.7079645991325378, 0.778761088848114, 0.778761088848114, 0.769911527633667, 0.778761088848114, 0.769911527633667, 0.778761088848114, 0.769911527633667, 0.769911527633667, 0.769911527633667, 0.769911527633667, 0.769911527633667, 0.769911527633667, 0.769911527633667, 0.769911527633667]","[9.127049446105957, 0.19418011605739594, 0.019182739779353142, 0.0019526152173057199, 0.0007090942235663533, 0.00014986936002969742, 0.00012668664567172527, 0.00011097763490397483, 0.00010058380576083437, 9.099862654693425e-05, 8.315535524161533e-05, 7.62805066187866e-05, 7.0503621827811e-05, 6.476780254160985e-05, 6.0029989981558174e-05]","[2.9710569381713867, 2.2834010124206543, 2.147371768951416, 2.17425799369812, 2.0677223205566406, 2.048140525817871, 2.0545663833618164, 2.05484676361084, 2.055241107940674, 2.0585734844207764, 2.0573410987854004, 2.0604233741760254, 2.062396764755249, 2.061725378036499, 2.062566041946411]",0.7323943376541138,2.2658605575561523
"{'op': 'adam', 'lo': 'sparse_categorical_crossentropy', 'nod': 2, 'nn': 256, 'dim': (224, 224)}","[0.6752873659133911, 0.9568965435028076, 0.9885057210922241, 0.9971264600753784, 1.0, 1.0, 1.0, 1.0, 1.0, 1.0, 1.0, 1.0, 1.0, 1.0, 1.0]","[0.6460176706314087, 0.7079645991325378, 0.6991150379180908, 0.6902654767036438, 0.7079645991325378, 0.7079645991325378, 0.7079645991325378, 0.6991150379180908, 0.6991150379180908, 0.6991150379180908, 0.6991150379180908, 0.6991150379180908, 0.6991150379180908, 0.6991150379180908, 0.6991150379180908]","[5.868636131286621, 0.28559520840644836, 0.04293103516101837, 0.012260722927749157, 6.139182369224727e-05, 1.3725089957006276e-05, 1.0822672265931033e-05, 8.8507213149569e-06, 7.599981017847313e-06, 6.715413292113226e-06, 5.945038083154941e-06, 5.346959824237274e-06, 4.8984143177221995e-06, 4.4583180169865955e-06, 4.158574483881239e-06]","[5.8889970779418945, 3.932786703109741, 4.267925262451172, 3.687392473220825, 4.0762200355529785, 4.081457614898682, 4.070596218109131, 4.059420585632324, 4.050369739532471, 4.04071044921875, 4.034125328063965, 4.027640342712402, 4.019746780395508, 4.014497756958008, 4.010429859161377]",0.7605633735656738,3.033008337020874
"{'op': 'adam', 'lo': 'sparse_categorical_crossentropy', 'nod': 2, 'nn': 256, 'dim': (224, 224)}","[0.6216475367546082, 0.9664750695228577, 0.9932950139045715, 0.998084306716919, 1.0, 1.0, 1.0, 1.0, 1.0, 1.0, 1.0, 1.0, 1.0, 1.0, 1.0]","[0.7079645991325378, 0.6991150379180908, 0.7079645991325378, 0.6991150379180908, 0.7256637215614319, 0.7256637215614319, 0.7256637215614319, 0.7256637215614319, 0.7256637215614319, 0.7256637215614319, 0.7256637215614319, 0.7256637215614319, 0.7256637215614319, 0.7168141603469849, 0.7168141603469849]","[6.829122066497803, 0.1953510195016861, 0.028469646349549294, 0.007572653237730265, 1.9767743651755154e-05, 1.1236157661187463e-05, 7.844979336368851e-06, 6.048475370334927e-06, 5.0279381866857875e-06, 4.349074515630491e-06, 3.8513503568538e-06, 3.4779297948261956e-06, 3.134411826977157e-06, 2.8816432404710213e-06, 2.6426860131323338e-06]","[3.800461769104004, 4.805696487426758, 3.7737174034118652, 3.954167127609253, 3.950230598449707, 3.931265115737915, 3.9152462482452393, 3.9041223526000977, 3.895678758621216, 3.8893513679504395, 3.8810102939605713, 3.8744266033172607, 3.86804461479187, 3.8599038124084473, 3.8550610542297363]",0.7605633735656738,1.981270432472229
"{'op': 'adam', 'lo': 'sparse_categorical_crossentropy', 'nod': 2, 'nn': 256, 'dim': (224, 224)}","[0.6860687136650085, 0.9589694738388062, 0.9875954389572144, 0.9914122223854065, 1.0, 1.0, 1.0, 1.0, 1.0, 1.0, 1.0, 1.0, 1.0, 1.0, 1.0]","[0.76106196641922, 0.7964601516723633, 0.8053097128868103, 0.7964601516723633, 0.8053097128868103, 0.7964601516723633, 0.7964601516723633, 0.7964601516723633, 0.7964601516723633, 0.7964601516723633, 0.7964601516723633, 0.7964601516723633, 0.7964601516723633, 0.7964601516723633, 0.7964601516723633]","[6.172630786895752, 0.17980150878429413, 0.04292292147874832, 0.04761262983083725, 0.0016201518010348082, 0.0002191727253375575, 6.526165816467255e-05, 5.468128438224085e-05, 4.9106634833151475e-05, 4.494473250815645e-05, 4.126962085138075e-05, 3.8305479392874986e-05, 3.559879041858949e-05, 3.335230576340109e-05, 3.133013888145797e-05]","[2.0344831943511963, 2.228492021560669, 2.191080093383789, 2.6338300704956055, 2.471325159072876, 2.5398030281066895, 2.544719696044922, 2.5331625938415527, 2.524829864501953, 2.5189602375030518, 2.519536018371582, 2.516357421875, 2.514930486679077, 2.512049913406372, 2.512596368789673]",0.7464788556098938,1.975588321685791
"{'op': 'adam', 'lo': 'sparse_categorical_crossentropy', 'nod': 2, 'nn': 256, 'dim': (224, 224)}","[0.6717557311058044, 0.9704198241233826, 0.9961832165718079, 0.9847328066825867, 0.9914122223854065, 0.9980915784835815, 1.0, 1.0, 1.0, 1.0, 1.0, 1.0, 1.0, 1.0, 1.0]","[0.6194690465927124, 0.76106196641922, 0.76106196641922, 0.7168141603469849, 0.6991150379180908, 0.7168141603469849, 0.7168141603469849, 0.7168141603469849, 0.7168141603469849, 0.7168141603469849, 0.7168141603469849, 0.7168141603469849, 0.7168141603469849, 0.7168141603469849, 0.7168141603469849]","[6.189826965332031, 0.23656505346298218, 0.007854537107050419, 0.07203737646341324, 0.04202768951654434, 0.009034508839249611, 0.00023644280736334622, 6.557795859407634e-05, 1.3576108358392958e-05, 1.214256371895317e-05, 1.0852166269614827e-05, 9.915098416968249e-06, 9.163761205854826e-06, 8.754052032600157e-06, 7.930021638458129e-06]","[4.154361248016357, 3.7272627353668213, 4.125842571258545, 4.421286106109619, 4.480540752410889, 4.532861709594727, 4.07993221282959, 4.1337971687316895, 4.136573314666748, 4.136344909667969, 4.136356353759766, 4.13740348815918, 4.1374921798706055, 4.140549182891846, 4.141138076782227]",0.7746478915214539,2.7268292903900146
"{'op': 'adam', 'lo': 'sparse_categorical_crossentropy', 'nod': 2, 'nn': 512, 'dim': (224, 224)}","[0.6178160905838013, 0.9501915574073792, 0.9894636273384094, 0.992337167263031, 0.9990421533584595, 0.9971264600753784, 1.0, 0.9932950139045715, 0.9971264600753784, 0.998084306716919, 1.0, 1.0, 1.0, 1.0, 1.0]","[0.7433628439903259, 0.778761088848114, 0.752212405204773, 0.752212405204773, 0.752212405204773, 0.7345132827758789, 0.7964601516723633, 0.7433628439903259, 0.7433628439903259, 0.769911527633667, 0.769911527633667, 0.76106196641922, 0.76106196641922, 0.76106196641922, 0.76106196641922]","[9.578067779541016, 0.21900200843811035, 0.02769181877374649, 0.02711942046880722, 0.002479507587850094, 0.005362346768379211, 0.0007315846742130816, 0.014126536436378956, 0.006242525763809681, 0.002638264326378703, 0.00013889410183764994, 4.9045665946323425e-06, 4.282102054276038e-06, 3.870364253089065e-06, 3.617162292357534e-06]","[2.8888940811157227, 2.3672873973846436, 2.722569227218628, 2.116619110107422, 2.17218279838562, 2.2299373149871826, 1.9525377750396729, 3.6140904426574707, 2.9792962074279785, 2.854154586791992, 2.7262651920318604, 2.6978442668914795, 2.6924941539764404, 2.689746618270874, 2.6881706714630127]",0.7887324094772339,2.1681668758392334
"{'op': 'adam', 'lo': 'sparse_categorical_crossentropy', 'nod': 2, 'nn': 512, 'dim': (224, 224)}","[0.6235632300376892, 0.9655172228813171, 0.9952107071876526, 0.998084306716919, 1.0, 1.0, 1.0, 1.0, 1.0, 1.0, 1.0, 1.0, 1.0, 1.0, 1.0]","[0.76106196641922, 0.778761088848114, 0.752212405204773, 0.8053097128868103, 0.7964601516723633, 0.7964601516723633, 0.7964601516723633, 0.7964601516723633, 0.7964601516723633, 0.7964601516723633, 0.7964601516723633, 0.7964601516723633, 0.7964601516723633, 0.7964601516723633, 0.7964601516723633]","[10.318692207336426, 0.16656090319156647, 0.012576771900057793, 0.005748064257204533, 2.6184101443504915e-05, 1.916485416586511e-05, 1.678798253124114e-05, 1.5155167602642905e-05, 1.387514657835709e-05, 1.2959108971699607e-05, 1.1983625881839544e-05, 1.1300030564598273e-05, 1.06516763480613e-05, 1.0053538062493317e-05, 9.55504128796747e-06]","[3.012518882751465, 2.3934943675994873, 2.8891568183898926, 2.142772674560547, 2.251008987426758, 2.25065279006958, 2.2491350173950195, 2.2474489212036133, 2.2456037998199463, 2.24721360206604, 2.2478697299957275, 2.2493019104003906, 2.2490813732147217, 2.250790596008301, 2.252133369445801]",0.7535211443901062,2.8788158893585205
"{'op': 'adam', 'lo': 'sparse_categorical_crossentropy', 'nod': 2, 'nn': 512, 'dim': (224, 224)}","[0.6708015203475952, 0.9465649127960205, 0.9933205842971802, 0.9980915784835815, 0.9980915784835815, 0.9980915784835815, 1.0, 1.0, 1.0, 1.0, 1.0, 1.0, 1.0, 1.0, 1.0]","[0.7168141603469849, 0.769911527633667, 0.76106196641922, 0.6725663542747498, 0.7345132827758789, 0.769911527633667, 0.769911527633667, 0.769911527633667, 0.769911527633667, 0.769911527633667, 0.769911527633667, 0.769911527633667, 0.769911527633667, 0.769911527633667, 0.769911527633667]","[9.670792579650879, 0.36921167373657227, 0.02895151637494564, 0.00919871125370264, 0.005708180833607912, 0.0021025605965405703, 5.479602350533241e-06, 3.2921016099862754e-06, 2.094375076922006e-06, 1.5823192143216147e-06, 1.273508814847446e-06, 1.0836699857463827e-06, 9.325033829554741e-07, 8.241036653089395e-07, 7.431162885040976e-07]","[5.249072551727295, 3.9791204929351807, 4.711406230926514, 6.626104354858398, 5.25656795501709, 4.959348201751709, 5.002532005310059, 4.974163055419922, 4.954476356506348, 4.9390869140625, 4.927706241607666, 4.916877746582031, 4.908339023590088, 4.9004926681518555, 4.89280366897583]",0.7535211443901062,3.7541396617889404
"{'op': 'adam', 'lo': 'sparse_categorical_crossentropy', 'nod': 2, 'nn': 512, 'dim': (224, 224)}","[0.6784350872039795, 0.9522900581359863, 0.982824444770813, 0.9952290058135986, 0.9990457892417908, 1.0, 1.0, 1.0, 1.0, 1.0, 1.0, 1.0, 1.0, 1.0, 1.0]","[0.6460176706314087, 0.6902654767036438, 0.7256637215614319, 0.752212405204773, 0.7433628439903259, 0.752212405204773, 0.76106196641922, 0.76106196641922, 0.76106196641922, 0.76106196641922, 0.76106196641922, 0.76106196641922, 0.76106196641922, 0.76106196641922, 0.76106196641922]","[9.442937850952148, 0.40915361046791077, 0.06944119185209274, 0.028665047138929367, 0.0013173222541809082, 0.0005120853311382234, 3.227264642191585e-06, 2.5452823138039093e-06, 2.2926608380657854e-06, 2.10180019166728e-06, 1.944947143783793e-06, 1.8002654087467818e-06, 1.689591499598464e-06, 1.5873345091677038e-06, 1.497361836300115e-06]","[4.992166519165039, 5.099407196044922, 4.948120594024658, 5.116098403930664, 5.5876312255859375, 5.144592761993408, 5.088931560516357, 5.080655097961426, 5.074259281158447, 5.067756175994873, 5.061687469482422, 5.056662082672119, 5.050565242767334, 5.045574188232422, 5.040377616882324]",0.7464788556098938,4.625316143035889
"{'op': 'adam', 'lo': 'sparse_categorical_crossentropy', 'nod': 2, 'nn': 512, 'dim': (224, 224)}","[0.694656491279602, 0.955152690410614, 0.9742366671562195, 0.9942747950553894, 0.9904580116271973, 0.9952290058135986, 0.9942747950553894, 0.9971374273300171, 0.9904580116271973, 0.9914122223854065, 0.9837786555290222, 0.9923664331436157, 0.9933205842971802, 0.9627862572669983, 0.9837786555290222]","[0.6991150379180908, 0.7168141603469849, 0.7433628439903259, 0.7256637215614319, 0.7168141603469849, 0.7256637215614319, 0.7256637215614319, 0.7079645991325378, 0.6725663542747498, 0.7345132827758789, 0.7168141603469849, 0.7433628439903259, 0.7079645991325378, 0.6902654767036438, 0.6991150379180908]","[8.664680480957031, 0.24057920277118683, 0.09841793775558472, 0.01526282262057066, 0.0334477424621582, 0.016936061903834343, 0.015451094135642052, 0.007316260598599911, 0.04023313149809837, 0.050600867718458176, 0.10453979671001434, 0.026214975863695145, 0.060704223811626434, 0.3454965353012085, 0.14891672134399414]","[4.47596549987793, 3.4020872116088867, 4.596981048583984, 4.333279132843018, 4.392743110656738, 6.009115219116211, 4.162567138671875, 4.928134918212891, 4.516441822052002, 6.069735527038574, 5.378571510314941, 5.270720958709717, 5.299553394317627, 5.523556232452393, 7.409233570098877]",0.7605633735656738,3.937368392944336
"{'op': 'rmsprop', 'lo': 'sparse_categorical_crossentropy', 'nod': 1, 'nn': 256, 'dim': (224, 224)}","[0.6590038537979126, 0.8668582439422607, 0.969348669052124, 0.9482758641242981, 0.9607279896736145, 0.9626436829566956, 0.9818007946014404, 0.9885057210922241, 1.0, 1.0, 1.0, 1.0, 1.0, 1.0, 1.0]","[0.7256637215614319, 0.6814159154891968, 0.6194690465927124, 0.6991150379180908, 0.6814159154891968, 0.7079645991325378, 0.6106194853782654, 0.7345132827758789, 0.7345132827758789, 0.7345132827758789, 0.7345132827758789, 0.7345132827758789, 0.7345132827758789, 0.7345132827758789, 0.7345132827758789]","[28.520343780517578, 3.32503080368042, 0.539332389831543, 1.1103154420852661, 0.959388792514801, 0.6175915002822876, 0.22869789600372314, 0.16290614008903503, 6.2137469285517e-06, 7.180518082350318e-07, 4.13333850701747e-07, 2.5725375962792896e-07, 2.1135127781235497e-07, 1.4878125398354314e-07, 1.0287998009061994e-07]","[5.513975620269775, 13.513850212097168, 12.750765800476074, 10.98202896118164, 7.744134902954102, 8.991608619689941, 18.132192611694336, 8.512419700622559, 8.560280799865723, 8.555710792541504, 8.55401611328125, 8.562079429626465, 8.558147430419922, 8.566969871520996, 8.572311401367188]",0.7464788556098938,6.642210006713867
"{'op': 'rmsprop', 'lo': 'sparse_categorical_crossentropy', 'nod': 1, 'nn': 256, 'dim': (224, 224)}","[0.6641221642494202, 0.8702290058135986, 0.9293892979621887, 0.9694656729698181, 0.9150763154029846, 0.9875954389572144, 0.9847328066825867, 0.9704198241233826, 1.0, 1.0, 1.0, 1.0, 1.0, 1.0, 1.0]","[0.6902654767036438, 0.6991150379180908, 0.6017699241638184, 0.6991150379180908, 0.7345132827758789, 0.752212405204773, 0.6460176706314087, 0.7079645991325378, 0.7079645991325378, 0.7079645991325378, 0.7079645991325378, 0.7079645991325378, 0.7079645991325378, 0.7168141603469849, 0.7079645991325378]","[27.613134384155273, 1.1808284521102905, 0.5963208675384521, 0.3858800232410431, 1.1643010377883911, 0.11929500102996826, 0.13836736977100372, 0.25096842646598816, 5.486722329806071e-07, 4.344909427800303e-07, 2.920970132436196e-07, 2.3454369113551365e-07, 2.4375717089242244e-07, 1.5901771632798045e-07, 1.4127468261904141e-07]","[2.714388132095337, 3.204481363296509, 13.162897109985352, 3.96093487739563, 5.93954610824585, 6.008462905883789, 10.118123054504395, 4.985393524169922, 4.983529567718506, 4.976744174957275, 4.967589378356934, 4.970430374145508, 4.948160171508789, 4.980864524841309, 4.960986137390137]",0.7605633735656738,5.711158275604248
"{'op': 'rmsprop', 'lo': 'sparse_categorical_crossentropy', 'nod': 1, 'nn': 256, 'dim': (224, 224)}","[0.6927480697631836, 0.885496199131012, 0.9341602921485901, 0.9456107020378113, 0.9914122223854065, 0.9646946787834167, 0.972328245639801, 0.9856870174407959, 0.9809160232543945, 0.9942747950553894, 0.982824444770813, 0.9980915784835815, 1.0, 1.0, 1.0]","[0.76106196641922, 0.778761088848114, 0.769911527633667, 0.7964601516723633, 0.40707963705062866, 0.6637167930603027, 0.7876105904579163, 0.7433628439903259, 0.76106196641922, 0.8141592741012573, 0.752212405204773, 0.778761088848114, 0.778761088848114, 0.778761088848114, 0.778761088848114]","[31.269996643066406, 3.08001446723938, 3.249058485031128, 1.53352689743042, 0.2177935540676117, 1.223926305770874, 0.8725776076316833, 0.29385992884635925, 0.5097228288650513, 0.05612770840525627, 0.38072675466537476, 0.020077137276530266, 1.0692405183476694e-08, 1.0464906274876284e-08, 9.668666756112998e-09]","[6.0446600914001465, 6.135725498199463, 6.890554904937744, 5.909103870391846, 40.88275909423828, 25.601396560668945, 7.207357406616211, 13.743159294128418, 14.401406288146973, 11.22990608215332, 12.403729438781738, 10.112201690673828, 10.111494064331055, 10.108932495117188, 10.10498332977295]",0.7605633735656738,18.307342529296875
"{'op': 'rmsprop', 'lo': 'sparse_categorical_crossentropy', 'nod': 1, 'nn': 256, 'dim': (224, 224)}","[0.6956107020378113, 0.8979007601737976, 0.9217557311058044, 0.9246183037757874, 0.9732824563980103, 0.982824444770813, 0.9494274854660034, 0.989503800868988, 0.9532442688941956, 1.0, 1.0, 0.9875954389572144, 0.9885495901107788, 1.0, 1.0]","[0.38053098320961, 0.6902654767036438, 0.7433628439903259, 0.7256637215614319, 0.6902654767036438, 0.769911527633667, 0.769911527633667, 0.6991150379180908, 0.752212405204773, 0.76106196641922, 0.7168141603469849, 0.7256637215614319, 0.7433628439903259, 0.7433628439903259, 0.7433628439903259]","[22.868576049804688, 1.243819236755371, 1.1823378801345825, 0.897183895111084, 0.1973964124917984, 0.10558095574378967, 0.996186375617981, 0.07048728317022324, 0.7258739471435547, 0.00018742318206932396, 0.000612136791460216, 0.15237317979335785, 0.11281201243400574, 9.361440334032523e-08, 7.916867161839036e-08]","[11.705403327941895, 8.561272621154785, 4.366903305053711, 3.5739517211914062, 5.2970781326293945, 5.519522666931152, 6.047530651092529, 6.6116509437561035, 6.5319061279296875, 6.728209018707275, 6.584244251251221, 7.3082275390625, 7.626002311706543, 7.6259260177612305, 7.62587833404541]",0.7816901206970215,5.186317443847656
"{'op': 'rmsprop', 'lo': 'sparse_categorical_crossentropy', 'nod': 1, 'nn': 256, 'dim': (224, 224)}","[0.6819923520088196, 0.8611111044883728, 0.9252873659133911, 0.9415708780288696, 0.9971264600753784, 1.0, 1.0, 1.0, 1.0, 1.0, 1.0, 1.0, 1.0, 1.0, 1.0]","[0.76106196641922, 0.752212405204773, 0.7256637215614319, 0.7433628439903259, 0.7876105904579163, 0.7876105904579163, 0.7876105904579163, 0.7876105904579163, 0.7876105904579163, 0.7876105904579163, 0.7876105904579163, 0.7876105904579163, 0.7876105904579163, 0.7876105904579163, 0.7876105904579163]","[30.136491775512695, 1.5690573453903198, 0.7828880548477173, 0.6485188603401184, 0.007112446241080761, 5.6994977057911456e-06, 3.050799477932742e-06, 1.478925128139963e-06, 1.0267045809086994e-06, 8.48701120048645e-07, 6.829109793216048e-07, 4.1003087858371146e-07, 3.243951880449458e-07, 3.497411000807915e-07, 2.6467802172192023e-07]","[2.0126845836639404, 2.593106508255005, 4.682337284088135, 6.021579265594482, 3.606995105743408, 3.6170692443847656, 3.6549646854400635, 3.664729595184326, 3.668804883956909, 3.699263095855713, 3.676894426345825, 3.7165427207946777, 3.697219133377075, 3.724139928817749, 3.721970558166504]",0.7464788556098938,3.752455949783325
"{'op': 'rmsprop', 'lo': 'sparse_categorical_crossentropy', 'nod': 1, 'nn': 512, 'dim': (224, 224)}","[0.681034505367279, 0.8840996026992798, 0.9434865713119507, 0.9549808502197266, 0.9559386968612671, 0.9961685538291931, 1.0, 1.0, 1.0, 1.0, 1.0, 1.0, 1.0, 1.0, 1.0]","[0.752212405204773, 0.5398229956626892, 0.5840708017349243, 0.6460176706314087, 0.7168141603469849, 0.7256637215614319, 0.7256637215614319, 0.7256637215614319, 0.7256637215614319, 0.7256637215614319, 0.7256637215614319, 0.7256637215614319, 0.7256637215614319, 0.7256637215614319, 0.7256637215614319]","[39.33677673339844, 3.104166030883789, 1.2964749336242676, 0.7008193731307983, 0.9233332276344299, 0.025111788883805275, 2.7848523131979164e-07, 1.585993345543102e-07, 9.089017538599364e-08, 5.298152672139622e-08, 2.9459652495233968e-08, 1.6214254827673358e-08, 1.1418499035187324e-08, 9.020617142141418e-09, 7.4220274370873085e-09]","[8.384663581848145, 24.124902725219727, 19.687030792236328, 17.34269142150879, 13.598581314086914, 13.278664588928223, 13.265776634216309, 13.248366355895996, 13.223664283752441, 13.193134307861328, 13.145525932312012, 13.114255905151367, 13.092235565185547, 13.075823783874512, 13.06265640258789]",0.7676056623458862,7.326230525970459
"{'op': 'rmsprop', 'lo': 'sparse_categorical_crossentropy', 'nod': 1, 'nn': 512, 'dim': (224, 224)}","[0.704023003578186, 0.8802682161331177, 0.9511494040489197, 0.9137930870056152, 0.9396551847457886, 0.9588122367858887, 0.9913793206214905, 0.9683908224105835, 0.9894636273384094, 1.0, 1.0, 1.0, 1.0, 1.0, 1.0]","[0.7433628439903259, 0.7964601516723633, 0.6725663542747498, 0.769911527633667, 0.6637167930603027, 0.7876105904579163, 0.7168141603469849, 0.6637167930603027, 0.7964601516723633, 0.7964601516723633, 0.7964601516723633, 0.7964601516723633, 0.7964601516723633, 0.7964601516723633, 0.7964601516723633]","[28.13372039794922, 2.738323926925659, 1.1239436864852905, 1.9049391746520996, 3.607203722000122, 1.1170018911361694, 0.15146584808826447, 0.9425305128097534, 0.25799423456192017, 1.7639989380313637e-07, 7.05639067177799e-08, 4.59013911324746e-08, 2.9459355843641788e-08, 1.0733363531301165e-08, 7.99294674891371e-09]","[4.925015926361084, 3.981912612915039, 10.255958557128906, 8.775262832641602, 24.026185989379883, 6.730963706970215, 16.117034912109375, 20.01561164855957, 8.187797546386719, 8.20093822479248, 8.20786190032959, 8.21873950958252, 8.263538360595703, 8.286683082580566, 8.290492057800293]",0.7676056623458862,5.630727291107178
"{'op': 'rmsprop', 'lo': 'sparse_categorical_crossentropy', 'nod': 1, 'nn': 512, 'dim': (224, 224)}","[0.6555343270301819, 0.9351145029067993, 0.8969465494155884, 0.9227099418640137, 0.9608778357505798, 0.9694656729698181, 0.9790076613426208, 0.9599236845970154, 0.9942747950553894, 0.9847328066825867, 0.9990457892417908, 1.0, 1.0, 1.0, 1.0]","[0.38053098320961, 0.7345132827758789, 0.778761088848114, 0.7256637215614319, 0.7433628439903259, 0.7256637215614319, 0.7079645991325378, 0.7168141603469849, 0.769911527633667, 0.6814159154891968, 0.76106196641922, 0.76106196641922, 0.76106196641922, 0.76106196641922, 0.76106196641922]","[47.140655517578125, 1.242824912071228, 6.012092590332031, 2.4415676593780518, 1.1233190298080444, 0.6222912669181824, 0.32853931188583374, 1.950963020324707, 0.08633039146661758, 0.7626459002494812, 0.007849608547985554, 1.785856618141679e-08, 1.6493585164312208e-08, 1.4332364628444338e-08, 1.2284890438252205e-08]","[27.38289451599121, 6.9594407081604, 8.880874633789062, 8.53381061553955, 15.9856595993042, 18.861995697021484, 18.042247772216797, 15.252252578735352, 17.67852783203125, 13.724040031433105, 16.62229347229004, 16.622854232788086, 16.624727249145508, 16.62705421447754, 16.63056182861328]",0.7394366264343262,7.023904323577881
"{'op': 'rmsprop', 'lo': 'sparse_categorical_crossentropy', 'nod': 1, 'nn': 512, 'dim': (224, 224)}","[0.6708015203475952, 0.8740457892417908, 0.944656491279602, 0.9522900581359863, 0.9627862572669983, 0.9809160232543945, 0.9761450290679932, 1.0, 1.0, 1.0, 1.0, 1.0, 1.0, 1.0, 1.0]","[0.6371681690216064, 0.7168141603469849, 0.6991150379180908, 0.7345132827758789, 0.6902654767036438, 0.7079645991325378, 0.7256637215614319, 0.7256637215614319, 0.7256637215614319, 0.7256637215614319, 0.7256637215614319, 0.7256637215614319, 0.7256637215614319, 0.7256637215614319, 0.7256637215614319]","[40.6580924987793, 4.060441970825195, 1.07627272605896, 1.6686128377914429, 1.0638535022735596, 0.6071780323982239, 0.3856659531593323, 3.6285882742959075e-08, 3.4807158044714015e-08, 3.184970154279654e-08, 2.8096007298472614e-08, 2.4114804375585663e-08, 2.0133596123628195e-08, 1.7176120081785484e-08, 1.3763654216347732e-08]","[24.071014404296875, 7.179226398468018, 10.288684844970703, 11.3894681930542, 12.568422317504883, 16.70216178894043, 12.400985717773438, 12.401090621948242, 12.401644706726074, 12.403740882873535, 12.405892372131348, 12.408618927001953, 12.413409233093262, 12.42764663696289, 12.4315185546875]",0.7535211443901062,10.152865409851074
"{'op': 'rmsprop', 'lo': 'sparse_categorical_crossentropy', 'nod': 1, 'nn': 512, 'dim': (224, 224)}","[0.6755725145339966, 0.9217557311058044, 0.8912213444709778, 0.9656488299369812, 0.9637404680252075, 0.9837786555290222, 0.9790076613426208, 0.9780534505844116, 0.9866412281990051, 0.9914122223854065, 0.9627862572669983, 1.0, 1.0, 1.0, 1.0]","[0.6991150379180908, 0.6991150379180908, 0.769911527633667, 0.5840708017349243, 0.7256637215614319, 0.76106196641922, 0.6106194853782654, 0.7345132827758789, 0.7345132827758789, 0.7256637215614319, 0.7433628439903259, 0.7433628439903259, 0.7433628439903259, 0.7433628439903259, 0.7433628439903259]","[33.27119827270508, 1.8177236318588257, 2.6017892360687256, 0.8624486327171326, 0.7326999306678772, 0.3699415624141693, 0.6532291173934937, 0.41144633293151855, 0.3823646605014801, 0.1507691890001297, 0.829675018787384, 1.2853586639494097e-08, 1.2739839405639941e-08, 1.1943604327768753e-08, 1.080612399562142e-08]","[7.384003639221191, 7.383833408355713, 8.327373504638672, 22.8223934173584, 8.840943336486816, 7.417882442474365, 14.552397727966309, 7.709135055541992, 14.879298210144043, 8.896265029907227, 9.764720916748047, 9.76476001739502, 9.7647705078125, 9.764701843261719, 9.764820098876953]",0.7746478915214539,7.939921855926514
"{'op': 'rmsprop', 'lo': 'sparse_categorical_crossentropy', 'nod': 2, 'nn': 256, 'dim': (224, 224)}","[0.5957854390144348, 0.8381226062774658, 0.8888888955116272, 0.9549808502197266, 0.9712643623352051, 0.9990421533584595, 0.9473180174827576, 1.0, 1.0, 1.0, 1.0, 1.0, 1.0, 1.0, 1.0]","[0.5752212405204773, 0.6902654767036438, 0.7168141603469849, 0.6460176706314087, 0.6902654767036438, 0.6637167930603027, 0.7345132827758789, 0.7168141603469849, 0.6991150379180908, 0.7168141603469849, 0.7168141603469849, 0.7168141603469849, 0.7168141603469849, 0.7168141603469849, 0.7168141603469849]","[18.452306747436523, 2.160660982131958, 0.9324233531951904, 0.36992940306663513, 0.18110081553459167, 0.0045215897262096405, 0.5944218635559082, 0.00038495491025969386, 7.98653309175279e-06, 9.161795446743781e-07, 3.8297201854220475e-07, 2.7438446181804466e-07, 2.1694988561193895e-07, 1.807538581033441e-07, 1.598583452278035e-07]","[3.32885479927063, 2.475482940673828, 3.0475096702575684, 4.412688255310059, 2.567254066467285, 4.401245594024658, 3.282139301300049, 3.099942445755005, 3.0296144485473633, 2.9615180492401123, 2.9602622985839844, 2.9553327560424805, 2.9699113368988037, 2.9770047664642334, 2.9806668758392334]",0.7535211443901062,4.432087421417236
"{'op': 'rmsprop', 'lo': 'sparse_categorical_crossentropy', 'nod': 2, 'nn': 256, 'dim': (224, 224)}","[0.5881226062774658, 0.8802682161331177, 0.8831417560577393, 0.9406130313873291, 0.9473180174827576, 0.982758641242981, 0.967432975769043, 0.998084306716919, 1.0, 1.0, 1.0, 1.0, 1.0, 1.0, 1.0]","[0.6371681690216064, 0.4955752193927765, 0.6637167930603027, 0.6283186078071594, 0.7256637215614319, 0.7256637215614319, 0.6991150379180908, 0.7345132827758789, 0.752212405204773, 0.769911527633667, 0.778761088848114, 0.778761088848114, 0.778761088848114, 0.778761088848114, 0.778761088848114]","[20.530092239379883, 0.9591156244277954, 0.9974213242530823, 0.6368488073348999, 0.7928426861763, 0.11524410545825958, 0.3458845317363739, 0.006588737480342388, 0.0008066849550232291, 3.304048004793003e-05, 2.116532641593949e-06, 4.461127502963791e-07, 2.768962019672472e-07, 1.9616904012309533e-07, 1.5814572407180094e-07]","[3.0491514205932617, 6.2566704750061035, 3.1968724727630615, 8.22555160522461, 2.1813294887542725, 3.0425355434417725, 3.9886317253112793, 4.019552707672119, 2.866175889968872, 3.4964544773101807, 3.3209643363952637, 3.2751619815826416, 3.2401678562164307, 3.209841251373291, 3.1857826709747314]",0.7605633735656738,3.7970657348632812
"{'op': 'rmsprop', 'lo': 'sparse_categorical_crossentropy', 'nod': 2, 'nn': 256, 'dim': (224, 224)}","[0.6097328066825867, 0.8740457892417908, 0.8788167834281921, 0.9131679534912109, 0.9685114622116089, 0.9503816962242126, 1.0, 1.0, 1.0, 1.0, 1.0, 1.0, 1.0, 1.0, 1.0]","[0.769911527633667, 0.6548672318458557, 0.7433628439903259, 0.7256637215614319, 0.778761088848114, 0.76106196641922, 0.752212405204773, 0.752212405204773, 0.752212405204773, 0.752212405204773, 0.752212405204773, 0.752212405204773, 0.752212405204773, 0.752212405204773, 0.752212405204773]","[17.888351440429688, 1.003351092338562, 0.9227753281593323, 1.348425269126892, 0.3540937006473541, 0.5908995270729065, 0.0008894579950720072, 1.9446395526756532e-05, 8.742292266106233e-06, 3.982205271313433e-06, 2.131001110683428e-06, 1.1465734814919415e-06, 8.178473649422813e-07, 6.500711720036634e-07, 5.390539854488452e-07]","[2.0388898849487305, 3.6648337841033936, 2.5286881923675537, 2.2887966632843018, 1.9341667890548706, 2.8787765502929688, 3.36579966545105, 3.3747382164001465, 3.3860437870025635, 3.4197239875793457, 3.4705371856689453, 3.5043673515319824, 3.52699875831604, 3.549750328063965, 3.5663647651672363]",0.7253521084785461,2.7520370483398438
"{'op': 'rmsprop', 'lo': 'sparse_categorical_crossentropy', 'nod': 2, 'nn': 256, 'dim': (224, 224)}","[0.6030534505844116, 0.8730915784835815, 0.9131679534912109, 0.9761450290679932, 0.9627862572669983, 0.9904580116271973, 0.9656488299369812, 1.0, 1.0, 1.0, 1.0, 1.0, 1.0, 1.0, 1.0]","[0.6814159154891968, 0.6902654767036438, 0.7079645991325378, 0.7256637215614319, 0.5575221180915833, 0.6991150379180908, 0.6902654767036438, 0.7256637215614319, 0.7168141603469849, 0.7079645991325378, 0.7079645991325378, 0.7079645991325378, 0.7079645991325378, 0.6991150379180908, 0.7079645991325378]","[18.685693740844727, 1.0122486352920532, 1.469853162765503, 0.1287226527929306, 0.40322068333625793, 0.06866918504238129, 0.4109385311603546, 5.723575668525882e-05, 5.124727522343164e-06, 2.8006411412206944e-06, 1.8395621736999601e-06, 1.0531763336985023e-06, 7.659730840714474e-07, 6.256123583625595e-07, 5.032210879107879e-07]","[3.16644024848938, 2.491472005844116, 2.525020122528076, 2.8762383460998535, 5.355533599853516, 3.4792141914367676, 3.4449238777160645, 3.5324509143829346, 3.515381336212158, 3.5128567218780518, 3.5413317680358887, 3.5568277835845947, 3.562335729598999, 3.5785911083221436, 3.592327833175659]",0.7464788556098938,3.247314929962158
"{'op': 'rmsprop', 'lo': 'sparse_categorical_crossentropy', 'nod': 2, 'nn': 256, 'dim': (224, 224)}","[0.614503800868988, 0.8349236845970154, 0.9427480697631836, 0.9112595319747925, 0.9666030406951904, 0.9494274854660034, 0.9732824563980103, 1.0, 1.0, 1.0, 1.0, 1.0, 1.0, 1.0, 1.0]","[0.7433628439903259, 0.7168141603469849, 0.7079645991325378, 0.752212405204773, 0.778761088848114, 0.752212405204773, 0.769911527633667, 0.7876105904579163, 0.7876105904579163, 0.778761088848114, 0.7876105904579163, 0.7876105904579163, 0.7876105904579163, 0.7876105904579163, 0.7876105904579163]","[18.343875885009766, 1.6459206342697144, 0.27037638425827026, 0.7776208519935608, 0.22350455820560455, 0.7708034515380859, 0.5453897714614868, 0.0005164612084627151, 3.428664513194235e-06, 1.727515837046667e-06, 1.0637468221830204e-06, 6.97040889008349e-07, 4.8786387196742e-07, 3.7673410702154797e-07, 3.0928191563361906e-07]","[2.457815170288086, 3.915048599243164, 3.071568489074707, 2.8246235847473145, 2.4037539958953857, 3.7717947959899902, 2.6067912578582764, 2.8490612506866455, 2.8608903884887695, 2.877817153930664, 2.9012863636016846, 2.9293906688690186, 2.9499166011810303, 2.9714150428771973, 2.9838523864746094]",0.7464788556098938,4.290690898895264
"{'op': 'rmsprop', 'lo': 'sparse_categorical_crossentropy', 'nod': 2, 'nn': 512, 'dim': (224, 224)}","[0.6082375645637512, 0.8323754668235779, 0.8716475367546082, 0.9501915574073792, 0.9425287246704102, 0.9856321811676025, 0.982758641242981, 1.0, 1.0, 1.0, 1.0, 1.0, 1.0, 1.0, 1.0]","[0.7168141603469849, 0.778761088848114, 0.6017699241638184, 0.769911527633667, 0.7433628439903259, 0.76106196641922, 0.769911527633667, 0.752212405204773, 0.752212405204773, 0.752212405204773, 0.752212405204773, 0.752212405204773, 0.752212405204773, 0.752212405204773, 0.752212405204773]","[27.322351455688477, 1.3749816417694092, 1.2350409030914307, 0.35351359844207764, 0.8996285200119019, 0.07531716674566269, 0.13181619346141815, 2.7693127776728943e-05, 2.288355062773917e-06, 1.3099927400617162e-06, 8.548821028853126e-07, 6.557476694979414e-07, 5.327802909960155e-07, 4.454310840174003e-07, 3.929069407604402e-07]","[3.129854202270508, 1.6018422842025757, 4.551536560058594, 2.158958673477173, 4.691744804382324, 2.39841890335083, 2.7932615280151367, 2.810800552368164, 2.8113560676574707, 2.8205716609954834, 2.827176570892334, 2.842848539352417, 2.84729266166687, 2.8510782718658447, 2.855436086654663]",0.7394366264343262,1.810602068901062
"{'op': 'rmsprop', 'lo': 'sparse_categorical_crossentropy', 'nod': 2, 'nn': 512, 'dim': (224, 224)}","[0.6178160905838013, 0.8486589789390564, 0.9118773937225342, 0.9530651569366455, 0.946360170841217, 0.975095808506012, 1.0, 1.0, 1.0, 1.0, 1.0, 1.0, 1.0, 1.0, 1.0]","[0.7079645991325378, 0.6371681690216064, 0.6725663542747498, 0.7079645991325378, 0.4601770043373108, 0.7079645991325378, 0.6902654767036438, 0.6902654767036438, 0.6902654767036438, 0.6814159154891968, 0.6814159154891968, 0.6902654767036438, 0.6902654767036438, 0.6902654767036438, 0.6902654767036438]","[34.53611755371094, 2.14939284324646, 0.8522852659225464, 0.3284681737422943, 0.9739967584609985, 0.21280409395694733, 0.0008594227256253362, 1.3440379916573875e-05, 2.2532324237545254e-06, 1.2104235338483704e-06, 8.964331641436729e-07, 6.723084311488492e-07, 5.670334530805121e-07, 4.855071438214509e-07, 4.264760207206564e-07]","[3.7450006008148193, 3.039579153060913, 3.227261543273926, 2.5096659660339355, 10.001570701599121, 4.0315775871276855, 3.7590839862823486, 3.758533000946045, 3.706150531768799, 3.680462598800659, 3.698518991470337, 3.7023003101348877, 3.7123100757598877, 3.726893663406372, 3.7338716983795166]",0.7394366264343262,2.822728395462036
"{'op': 'rmsprop', 'lo': 'sparse_categorical_crossentropy', 'nod': 2, 'nn': 512, 'dim': (224, 224)}","[0.5677480697631836, 0.8807252049446106, 0.8492366671562195, 0.9713740348815918, 0.9685114622116089, 0.9656488299369812, 0.9780534505844116, 1.0, 1.0, 1.0, 1.0, 1.0, 1.0, 1.0, 1.0]","[0.6194690465927124, 0.7168141603469849, 0.6991150379180908, 0.76106196641922, 0.6637167930603027, 0.7256637215614319, 0.76106196641922, 0.752212405204773, 0.778761088848114, 0.778761088848114, 0.778761088848114, 0.7876105904579163, 0.7876105904579163, 0.7876105904579163, 0.778761088848114]","[28.501440048217773, 0.542949914932251, 2.1554856300354004, 0.10241808742284775, 0.1863994151353836, 0.26250985264778137, 0.1730770319700241, 2.117938856827095e-05, 8.016731953830458e-06, 3.258627202740172e-06, 1.9669669200084172e-06, 1.229137410518888e-06, 9.270399914385052e-07, 7.430006121467159e-07, 6.262970373427379e-07]","[1.8630008697509766, 1.1642507314682007, 2.876922130584717, 2.040828227996826, 4.779563903808594, 1.6683236360549927, 2.517122268676758, 2.519378662109375, 2.5264196395874023, 2.5392773151397705, 2.56807804107666, 2.5814874172210693, 2.591153383255005, 2.598663091659546, 2.606351613998413]",0.7253521084785461,3.090596914291382
"{'op': 'rmsprop', 'lo': 'sparse_categorical_crossentropy', 'nod': 2, 'nn': 512, 'dim': (224, 224)}","[0.6402671933174133, 0.7824427485466003, 0.9561068415641785, 0.9055343270301819, 0.9704198241233826, 0.9809160232543945, 0.9599236845970154, 0.9570610523223877, 0.9971374273300171, 1.0, 1.0, 1.0, 1.0, 1.0, 1.0]","[0.6814159154891968, 0.6814159154891968, 0.7079645991325378, 0.7079645991325378, 0.6637167930603027, 0.7345132827758789, 0.7345132827758789, 0.76106196641922, 0.752212405204773, 0.769911527633667, 0.76106196641922, 0.76106196641922, 0.76106196641922, 0.76106196641922, 0.76106196641922]","[23.654830932617188, 3.7976150512695312, 0.22080430388450623, 1.0624334812164307, 0.2400272786617279, 0.0935971736907959, 0.7051732540130615, 0.9864314198493958, 0.03786756843328476, 3.842340083792806e-05, 1.1974386779911583e-06, 2.4831041400830145e-07, 1.3467797543853521e-07, 8.963400688344336e-08, 7.223054154792408e-08]","[2.725128412246704, 1.9486993551254272, 2.0711944103240967, 2.0573415756225586, 3.839930534362793, 3.3801207542419434, 3.2127864360809326, 5.203132152557373, 4.325115203857422, 5.2209272384643555, 5.178337097167969, 5.161593914031982, 5.149929046630859, 5.143069744110107, 5.140293121337891]",0.7605633735656738,4.580507278442383
"{'op': 'rmsprop', 'lo': 'sparse_categorical_crossentropy', 'nod': 2, 'nn': 512, 'dim': (224, 224)}","[0.6402671933174133, 0.8139312863349915, 0.8883587718009949, 0.9732824563980103, 0.947519063949585, 0.9379770755767822, 0.9732824563980103, 0.9875954389572144, 0.9818702340126038, 0.9980915784835815, 1.0, 1.0, 1.0, 1.0, 1.0]","[0.7079645991325378, 0.6991150379180908, 0.5663716793060303, 0.7168141603469849, 0.7433628439903259, 0.6902654767036438, 0.6194690465927124, 0.752212405204773, 0.7433628439903259, 0.769911527633667, 0.769911527633667, 0.769911527633667, 0.76106196641922, 0.76106196641922, 0.76106196641922]","[31.02957534790039, 2.215947151184082, 1.8020386695861816, 0.13212108612060547, 0.9272093772888184, 0.9325082302093506, 0.2368750274181366, 0.13488557934761047, 0.1860353946685791, 0.019602984189987183, 5.44827344128862e-07, 1.8880852792335645e-07, 1.2739283761220577e-07, 8.417212882250169e-08, 6.529086249429383e-08]","[2.1041061878204346, 4.160961627960205, 4.759567737579346, 2.7292685508728027, 3.203263998031616, 4.870710849761963, 7.276561737060547, 4.045956134796143, 6.1323933601379395, 4.927753925323486, 4.949918746948242, 4.9605560302734375, 4.97816801071167, 4.991321563720703, 5.000831604003906]",0.7323943376541138,5.030318737030029
